ARM GAS  C:\Users\Ali\AppData\Local\Temp\ccdQfK6d.s 			page 1


   1              		.cpu cortex-m4
   2              		.arch armv7e-m
   3              		.fpu fpv4-sp-d16
   4              		.eabi_attribute 27, 1
   5              		.eabi_attribute 28, 1
   6              		.eabi_attribute 20, 1
   7              		.eabi_attribute 21, 1
   8              		.eabi_attribute 23, 3
   9              		.eabi_attribute 24, 1
  10              		.eabi_attribute 25, 1
  11              		.eabi_attribute 26, 1
  12              		.eabi_attribute 30, 1
  13              		.eabi_attribute 34, 1
  14              		.eabi_attribute 18, 4
  15              		.file	"bootloader.c"
  16              		.text
  17              	.Ltext0:
  18              		.cfi_sections	.debug_frame
  19              		.file 1 "Core/Src/bootloader.c"
  20              		.section	.text.Bootloader_ReadFlash,"ax",%progbits
  21              		.align	1
  22              		.syntax unified
  23              		.thumb
  24              		.thumb_func
  26              	Bootloader_ReadFlash:
  27              	.LVL0:
  28              	.LFB138:
   1:Core/Src/bootloader.c **** /* USER CODE BEGIN Header */
   2:Core/Src/bootloader.c **** /**
   3:Core/Src/bootloader.c ****   ******************************************************************************
   4:Core/Src/bootloader.c ****   * @file           : bootloader.c
   5:Core/Src/bootloader.c ****   * @brief          : CAN Bootloader implementation for STM32L432
   6:Core/Src/bootloader.c ****   ******************************************************************************
   7:Core/Src/bootloader.c ****   * @attention
   8:Core/Src/bootloader.c ****   *
   9:Core/Src/bootloader.c ****   * This bootloader implements a CAN-based firmware update mechanism.
  10:Core/Src/bootloader.c ****   * It allows flashing new application firmware via CAN bus messages.
  11:Core/Src/bootloader.c ****   *
  12:Core/Src/bootloader.c ****   ******************************************************************************
  13:Core/Src/bootloader.c ****   */
  14:Core/Src/bootloader.c **** /* USER CODE END Header */
  15:Core/Src/bootloader.c **** 
  16:Core/Src/bootloader.c **** /* Includes ------------------------------------------------------------------*/
  17:Core/Src/bootloader.c **** #include "bootloader.h"
  18:Core/Src/bootloader.c **** #include <string.h>
  19:Core/Src/bootloader.c **** 
  20:Core/Src/bootloader.c **** /* Private variables ---------------------------------------------------------*/
  21:Core/Src/bootloader.c **** static CAN_HandleTypeDef *hcan_bootloader;
  22:Core/Src/bootloader.c **** static BootloaderStatus_t bootloader_status;
  23:Core/Src/bootloader.c **** static uint8_t rx_data[8];
  24:Core/Src/bootloader.c **** static uint8_t tx_data[8];
  25:Core/Src/bootloader.c **** static CAN_TxHeaderTypeDef tx_header;
  26:Core/Src/bootloader.c **** static uint32_t tx_mailbox;
  27:Core/Src/bootloader.c **** static uint8_t flash_buffer[8];     /* Buffer for 8-byte flash writes (two 4-byte chunks) */
  28:Core/Src/bootloader.c **** static uint16_t buffer_index = 0;   /* Current position in flash_buffer */
  29:Core/Src/bootloader.c **** static volatile uint8_t jump_to_app_flag = 0;  /* Flag to trigger jump from main loop */
  30:Core/Src/bootloader.c **** static volatile uint8_t can_command_received = 0;  /* Flag to disable auto-jump timeout */
ARM GAS  C:\Users\Ali\AppData\Local\Temp\ccdQfK6d.s 			page 2


  31:Core/Src/bootloader.c **** static uint32_t last_heartbeat_time = 0;  /* Last heartbeat timestamp for resetting on commands */
  32:Core/Src/bootloader.c **** static volatile uint8_t rx_msg_pending = 0;  /* Flag: message waiting for main loop processing */
  33:Core/Src/bootloader.c **** 
  34:Core/Src/bootloader.c **** /* Private function prototypes -----------------------------------------------*/
  35:Core/Src/bootloader.c **** static void Bootloader_ConfigureCANFilter(void);
  36:Core/Src/bootloader.c **** static uint8_t Bootloader_EraseApplicationFlash(void);
  37:Core/Src/bootloader.c **** static uint8_t Bootloader_WriteFlash(uint32_t address, uint8_t *data, uint16_t length);
  38:Core/Src/bootloader.c **** static uint8_t Bootloader_ReadFlash(uint32_t address, uint8_t *data, uint16_t length);
  39:Core/Src/bootloader.c **** static void Bootloader_DeInit(void);
  40:Core/Src/bootloader.c **** static void Bootloader_SendACK(void);
  41:Core/Src/bootloader.c **** static void Bootloader_SendNACK(uint8_t error_code);
  42:Core/Src/bootloader.c **** static void Bootloader_WaitForCANTransmission(void);
  43:Core/Src/bootloader.c **** 
  44:Core/Src/bootloader.c **** /**
  45:Core/Src/bootloader.c ****   * @brief  Initialize the bootloader
  46:Core/Src/bootloader.c ****   * @param  hcan: pointer to CAN handle
  47:Core/Src/bootloader.c ****   * @retval None
  48:Core/Src/bootloader.c ****   */
  49:Core/Src/bootloader.c **** void Bootloader_Init(CAN_HandleTypeDef *hcan)
  50:Core/Src/bootloader.c **** {
  51:Core/Src/bootloader.c ****     hcan_bootloader = hcan;
  52:Core/Src/bootloader.c ****     
  53:Core/Src/bootloader.c ****     /* Initialize bootloader status */
  54:Core/Src/bootloader.c ****     memset(&bootloader_status, 0, sizeof(BootloaderStatus_t));
  55:Core/Src/bootloader.c ****     bootloader_status.state = BL_STATE_IDLE;
  56:Core/Src/bootloader.c ****     bootloader_status.current_address = APPLICATION_ADDRESS;
  57:Core/Src/bootloader.c ****     
  58:Core/Src/bootloader.c ****     /* Configure CAN filter */
  59:Core/Src/bootloader.c ****     Bootloader_ConfigureCANFilter();
  60:Core/Src/bootloader.c ****     
  61:Core/Src/bootloader.c ****     /* Start CAN peripheral */
  62:Core/Src/bootloader.c ****     if (HAL_CAN_Start(hcan_bootloader) != HAL_OK)
  63:Core/Src/bootloader.c ****     {
  64:Core/Src/bootloader.c ****         Error_Handler();
  65:Core/Src/bootloader.c ****     }
  66:Core/Src/bootloader.c ****     
  67:Core/Src/bootloader.c ****     /* Activate CAN RX notification */
  68:Core/Src/bootloader.c ****     if (HAL_CAN_ActivateNotification(hcan_bootloader, CAN_IT_RX_FIFO0_MSG_PENDING) != HAL_OK)
  69:Core/Src/bootloader.c ****     {
  70:Core/Src/bootloader.c ****         Error_Handler();
  71:Core/Src/bootloader.c ****     }
  72:Core/Src/bootloader.c ****     
  73:Core/Src/bootloader.c ****     /* Configure TX header */
  74:Core/Src/bootloader.c ****     tx_header.StdId = 0;
  75:Core/Src/bootloader.c ****     tx_header.ExtId = CAN_BOOTLOADER_ID;
  76:Core/Src/bootloader.c ****     tx_header.IDE = CAN_ID_EXT;
  77:Core/Src/bootloader.c ****     tx_header.RTR = CAN_RTR_DATA;
  78:Core/Src/bootloader.c ****     tx_header.DLC = 8;
  79:Core/Src/bootloader.c ****     tx_header.TransmitGlobalTime = DISABLE;
  80:Core/Src/bootloader.c ****     
  81:Core/Src/bootloader.c ****     /* Initialize LED debug indicators */
  82:Core/Src/bootloader.c ****     Bootloader_LED_Init();
  83:Core/Src/bootloader.c ****     
  84:Core/Src/bootloader.c ****     /* Update LED status to show application validity */
  85:Core/Src/bootloader.c ****     Bootloader_LED_UpdateStatus();
  86:Core/Src/bootloader.c **** }
  87:Core/Src/bootloader.c **** 
ARM GAS  C:\Users\Ali\AppData\Local\Temp\ccdQfK6d.s 			page 3


  88:Core/Src/bootloader.c **** /**
  89:Core/Src/bootloader.c ****   * @brief  Configure CAN filter to accept bootloader messages
  90:Core/Src/bootloader.c ****   * @retval None
  91:Core/Src/bootloader.c ****   */
  92:Core/Src/bootloader.c **** static void Bootloader_ConfigureCANFilter(void)
  93:Core/Src/bootloader.c **** {
  94:Core/Src/bootloader.c ****     CAN_FilterTypeDef can_filter;
  95:Core/Src/bootloader.c ****     
  96:Core/Src/bootloader.c ****     can_filter.FilterBank = 0;
  97:Core/Src/bootloader.c ****     can_filter.FilterMode = CAN_FILTERMODE_IDMASK;
  98:Core/Src/bootloader.c ****     can_filter.FilterScale = CAN_FILTERSCALE_32BIT;
  99:Core/Src/bootloader.c ****     
 100:Core/Src/bootloader.c ****     /* Accept ONLY the host CAN ID (CAN_HOST_ID) with exact 29-bit match.
 101:Core/Src/bootloader.c ****      * For 32-bit filter scale with extended IDs, the register layout is:
 102:Core/Src/bootloader.c ****      *   Bits [31:3] = 29-bit Extended ID
 103:Core/Src/bootloader.c ****      *   Bit  [2]    = IDE (1 = extended frame)
 104:Core/Src/bootloader.c ****      *   Bit  [1]    = RTR
 105:Core/Src/bootloader.c ****      *   Bit  [0]    = 0
 106:Core/Src/bootloader.c ****      * This prevents other CAN bus traffic from filling the 3-deep hardware FIFO. */
 107:Core/Src/bootloader.c ****     uint32_t filter_id   = (CAN_HOST_ID << 3) | 0x04;        /* IDE bit set */
 108:Core/Src/bootloader.c ****     uint32_t filter_mask = (0x1FFFFFFFUL << 3) | 0x04;       /* Match all 29 ID bits + IDE */
 109:Core/Src/bootloader.c ****     
 110:Core/Src/bootloader.c ****     can_filter.FilterIdHigh   = (filter_id >> 16) & 0xFFFF;
 111:Core/Src/bootloader.c ****     can_filter.FilterIdLow    = filter_id & 0xFFFF;
 112:Core/Src/bootloader.c ****     can_filter.FilterMaskIdHigh = (filter_mask >> 16) & 0xFFFF;
 113:Core/Src/bootloader.c ****     can_filter.FilterMaskIdLow  = filter_mask & 0xFFFF;
 114:Core/Src/bootloader.c ****     can_filter.FilterFIFOAssignment = CAN_RX_FIFO0;
 115:Core/Src/bootloader.c ****     can_filter.FilterActivation = ENABLE;
 116:Core/Src/bootloader.c ****     can_filter.SlaveStartFilterBank = 14;
 117:Core/Src/bootloader.c ****     
 118:Core/Src/bootloader.c ****     if (HAL_CAN_ConfigFilter(hcan_bootloader, &can_filter) != HAL_OK)
 119:Core/Src/bootloader.c ****     {
 120:Core/Src/bootloader.c ****         Error_Handler();
 121:Core/Src/bootloader.c ****     }
 122:Core/Src/bootloader.c **** }
 123:Core/Src/bootloader.c **** 
 124:Core/Src/bootloader.c **** /**
 125:Core/Src/bootloader.c ****   * @brief  Main bootloader loop
 126:Core/Src/bootloader.c ****   * @retval None
 127:Core/Src/bootloader.c ****   */
 128:Core/Src/bootloader.c **** void Bootloader_Main(void)
 129:Core/Src/bootloader.c **** {
 130:Core/Src/bootloader.c ****     uint32_t timeout_start = HAL_GetTick();
 131:Core/Src/bootloader.c ****     uint32_t last_heartbeat = HAL_GetTick();
 132:Core/Src/bootloader.c ****     uint32_t last_led_toggle = HAL_GetTick();
 133:Core/Src/bootloader.c ****     uint8_t timeout_expired = 0;
 134:Core/Src/bootloader.c ****     
 135:Core/Src/bootloader.c ****     /* Initialize the static heartbeat time variable */
 136:Core/Src/bootloader.c ****     last_heartbeat_time = last_heartbeat;
 137:Core/Src/bootloader.c ****     
 138:Core/Src/bootloader.c ****     /* Send ready message */
 139:Core/Src/bootloader.c ****     tx_data[0] = RESP_READY;
 140:Core/Src/bootloader.c ****     tx_data[1] = 0x01;  /* Bootloader version */
 141:Core/Src/bootloader.c ****     tx_data[2] = 0x00;  /* Bootloader subversion */
 142:Core/Src/bootloader.c ****     Bootloader_SendCANMessage(RESP_READY, tx_data, 3);
 143:Core/Src/bootloader.c ****     
 144:Core/Src/bootloader.c ****     /* Main bootloader loop with timeout */
ARM GAS  C:\Users\Ali\AppData\Local\Temp\ccdQfK6d.s 			page 4


 145:Core/Src/bootloader.c ****     while (1)
 146:Core/Src/bootloader.c ****     {
 147:Core/Src/bootloader.c ****         /* Rapid LED flash to indicate bootloader mode (100ms toggle = 5Hz blink) */
 148:Core/Src/bootloader.c ****         if ((HAL_GetTick() - last_led_toggle) >= 100)
 149:Core/Src/bootloader.c ****         {
 150:Core/Src/bootloader.c ****             HAL_GPIO_TogglePin(LED_PORT, LED_PIN);
 151:Core/Src/bootloader.c ****             last_led_toggle = HAL_GetTick();
 152:Core/Src/bootloader.c ****         }
 153:Core/Src/bootloader.c ****         
 154:Core/Src/bootloader.c ****         /* Update local heartbeat from static variable (may be reset by command processing) */
 155:Core/Src/bootloader.c ****         last_heartbeat = last_heartbeat_time;
 156:Core/Src/bootloader.c ****         
 157:Core/Src/bootloader.c ****         /* Send heartbeat message periodically only when idle */
 158:Core/Src/bootloader.c ****         if (bootloader_status.state == BL_STATE_IDLE && 
 159:Core/Src/bootloader.c ****             (HAL_GetTick() - last_heartbeat) >= HEARTBEAT_INTERVAL_MS)
 160:Core/Src/bootloader.c ****         {
 161:Core/Src/bootloader.c ****             /* Send ready/heartbeat message */
 162:Core/Src/bootloader.c ****             tx_data[0] = RESP_READY;
 163:Core/Src/bootloader.c ****             tx_data[1] = 0x01;  /* Bootloader version */
 164:Core/Src/bootloader.c ****             tx_data[2] = 0x00;  /* Bootloader subversion */
 165:Core/Src/bootloader.c ****             Bootloader_SendCANMessage(RESP_READY, tx_data, 3);
 166:Core/Src/bootloader.c ****             last_heartbeat = HAL_GetTick();
 167:Core/Src/bootloader.c ****             last_heartbeat_time = last_heartbeat;  /* Update static variable */
 168:Core/Src/bootloader.c ****         }
 169:Core/Src/bootloader.c ****         
 170:Core/Src/bootloader.c ****         /* Check for timeout to auto-jump to application */
 171:Core/Src/bootloader.c ****         /* Only auto-jump if: timeout expired AND no CAN commands received AND valid app exists */
 172:Core/Src/bootloader.c ****         if (!timeout_expired && !can_command_received &&
 173:Core/Src/bootloader.c ****             (HAL_GetTick() - timeout_start >= BOOTLOADER_TIMEOUT_MS))
 174:Core/Src/bootloader.c ****         {
 175:Core/Src/bootloader.c ****             timeout_expired = 1;
 176:Core/Src/bootloader.c **** 
 177:Core/Src/bootloader.c ****             /* Only jump if we have a valid application flag set */
 178:Core/Src/bootloader.c ****             if (Bootloader_CheckApplicationValidFlag())
 179:Core/Src/bootloader.c ****             {
 180:Core/Src/bootloader.c ****                 /* Send timeout jump message */
 181:Core/Src/bootloader.c ****                 tx_data[0] = RESP_READY;
 182:Core/Src/bootloader.c ****                 tx_data[1] = 0xAA;  /* Special: Timeout auto-jump */
 183:Core/Src/bootloader.c ****                 tx_data[2] = 0x55;
 184:Core/Src/bootloader.c ****                 Bootloader_SendCANMessage(RESP_READY, tx_data, 3);
 185:Core/Src/bootloader.c **** 
 186:Core/Src/bootloader.c ****                 /* Wait for message to send */
 187:Core/Src/bootloader.c ****                 Bootloader_WaitForCANTransmission();
 188:Core/Src/bootloader.c ****                 HAL_Delay(10);
 189:Core/Src/bootloader.c **** 
 190:Core/Src/bootloader.c ****                 /* Blink LEDs 5 times rapidly before jumping */
 191:Core/Src/bootloader.c ****                 Bootloader_LED_BlinkBeforeJump();
 192:Core/Src/bootloader.c **** 
 193:Core/Src/bootloader.c ****                 /* Jump to application */
 194:Core/Src/bootloader.c ****                 Bootloader_JumpToApplication();
 195:Core/Src/bootloader.c ****             }
 196:Core/Src/bootloader.c ****             /* If no valid app, stay in bootloader mode indefinitely */
 197:Core/Src/bootloader.c ****         }
 198:Core/Src/bootloader.c ****         
 199:Core/Src/bootloader.c ****         /* Check if we should jump to application (from CAN command) */
 200:Core/Src/bootloader.c ****         if (jump_to_app_flag)
 201:Core/Src/bootloader.c ****         {
ARM GAS  C:\Users\Ali\AppData\Local\Temp\ccdQfK6d.s 			page 5


 202:Core/Src/bootloader.c ****             /* Send a pre-jump indicator message (using READY with special code) */
 203:Core/Src/bootloader.c ****             tx_data[0] = RESP_READY;
 204:Core/Src/bootloader.c ****             tx_data[1] = 0xFF;  /* Special: About to jump */
 205:Core/Src/bootloader.c ****             tx_data[2] = 0xFF;
 206:Core/Src/bootloader.c ****             Bootloader_SendCANMessage(RESP_READY, tx_data, 3);
 207:Core/Src/bootloader.c ****             
 208:Core/Src/bootloader.c ****             /* Wait for this message to be sent */
 209:Core/Src/bootloader.c ****             Bootloader_WaitForCANTransmission();
 210:Core/Src/bootloader.c ****             
 211:Core/Src/bootloader.c ****             /* Blink LEDs 5 times rapidly before jumping */
 212:Core/Src/bootloader.c ****             Bootloader_LED_BlinkBeforeJump();
 213:Core/Src/bootloader.c ****             
 214:Core/Src/bootloader.c ****             /* Jump to application (this function should not return) */
 215:Core/Src/bootloader.c ****             Bootloader_JumpToApplication();
 216:Core/Src/bootloader.c ****             
 217:Core/Src/bootloader.c ****             /* If we get here, jump failed - reset the flag */
 218:Core/Src/bootloader.c ****             jump_to_app_flag = 0;
 219:Core/Src/bootloader.c ****         }
 220:Core/Src/bootloader.c ****         
 221:Core/Src/bootloader.c ****         /* Process received CAN messages (deferred from interrupt to avoid
 222:Core/Src/bootloader.c ****          * blocking ISR during slow flash writes on a busy bus) */
 223:Core/Src/bootloader.c ****         if (rx_msg_pending)
 224:Core/Src/bootloader.c ****         {
 225:Core/Src/bootloader.c ****             Bootloader_ProcessCANMessage();
 226:Core/Src/bootloader.c ****             rx_msg_pending = 0;
 227:Core/Src/bootloader.c ****         }
 228:Core/Src/bootloader.c ****     }
 229:Core/Src/bootloader.c **** }
 230:Core/Src/bootloader.c **** 
 231:Core/Src/bootloader.c **** /**
 232:Core/Src/bootloader.c ****   * @brief  Process received CAN message
 233:Core/Src/bootloader.c ****   * @retval None
 234:Core/Src/bootloader.c ****   */
 235:Core/Src/bootloader.c **** void Bootloader_ProcessCANMessage(void)
 236:Core/Src/bootloader.c **** {
 237:Core/Src/bootloader.c ****     uint8_t command;
 238:Core/Src/bootloader.c ****     uint32_t address;
 239:Core/Src/bootloader.c ****     uint16_t length;
 240:Core/Src/bootloader.c ****     uint8_t result;
 241:Core/Src/bootloader.c **** 
 242:Core/Src/bootloader.c ****     /* Mark that a CAN command has been received - disable auto-jump timeout */
 243:Core/Src/bootloader.c ****     can_command_received = 1;
 244:Core/Src/bootloader.c ****     
 245:Core/Src/bootloader.c ****     /* Turn on LED3 to indicate CAN activity from host */
 246:Core/Src/bootloader.c ****     LED3_ON();
 247:Core/Src/bootloader.c ****     
 248:Core/Src/bootloader.c ****     /* Reset heartbeat timer to prevent heartbeat from being sent immediately after command */
 249:Core/Src/bootloader.c ****     last_heartbeat_time = HAL_GetTick();
 250:Core/Src/bootloader.c **** 
 251:Core/Src/bootloader.c ****     /* Get the command byte */
 252:Core/Src/bootloader.c ****     command = rx_data[0];
 253:Core/Src/bootloader.c **** 
 254:Core/Src/bootloader.c ****     switch (command)
 255:Core/Src/bootloader.c ****     {
 256:Core/Src/bootloader.c ****         case CMD_GET_STATUS:
 257:Core/Src/bootloader.c ****             /* Send status information */
 258:Core/Src/bootloader.c ****             tx_data[0] = RESP_DATA;
ARM GAS  C:\Users\Ali\AppData\Local\Temp\ccdQfK6d.s 			page 6


 259:Core/Src/bootloader.c ****             tx_data[1] = bootloader_status.state;
 260:Core/Src/bootloader.c ****             tx_data[2] = bootloader_status.last_error;
 261:Core/Src/bootloader.c ****             tx_data[3] = (bootloader_status.bytes_written >> 24) & 0xFF;
 262:Core/Src/bootloader.c ****             tx_data[4] = (bootloader_status.bytes_written >> 16) & 0xFF;
 263:Core/Src/bootloader.c ****             tx_data[5] = (bootloader_status.bytes_written >> 8) & 0xFF;
 264:Core/Src/bootloader.c ****             tx_data[6] = bootloader_status.bytes_written & 0xFF;
 265:Core/Src/bootloader.c ****             Bootloader_SendCANMessage(RESP_DATA, tx_data, 8);
 266:Core/Src/bootloader.c ****             break;
 267:Core/Src/bootloader.c ****             
 268:Core/Src/bootloader.c ****         case CMD_ERASE_FLASH:
 269:Core/Src/bootloader.c ****             /* Erase application flash area */
 270:Core/Src/bootloader.c ****             bootloader_status.state = BL_STATE_ERASING;
 271:Core/Src/bootloader.c ****             
 272:Core/Src/bootloader.c ****             /* Clear the application valid flag first */
 273:Core/Src/bootloader.c ****             Bootloader_ClearApplicationValidFlag();
 274:Core/Src/bootloader.c ****             
 275:Core/Src/bootloader.c ****             /* Update LED2 since we cleared the valid flag */
 276:Core/Src/bootloader.c ****             Bootloader_LED_UpdateStatus();
 277:Core/Src/bootloader.c ****             
 278:Core/Src/bootloader.c ****             result = Bootloader_EraseApplicationFlash();
 279:Core/Src/bootloader.c ****             if (result == ERR_NONE)
 280:Core/Src/bootloader.c ****             {
 281:Core/Src/bootloader.c ****                 bootloader_status.bytes_written = 0;
 282:Core/Src/bootloader.c ****                 bootloader_status.current_address = APPLICATION_ADDRESS;
 283:Core/Src/bootloader.c ****                 Bootloader_SendACK();
 284:Core/Src/bootloader.c ****             }
 285:Core/Src/bootloader.c ****             else
 286:Core/Src/bootloader.c ****             {
 287:Core/Src/bootloader.c ****                 Bootloader_SendNACK(result);
 288:Core/Src/bootloader.c ****             }
 289:Core/Src/bootloader.c ****             bootloader_status.state = BL_STATE_IDLE;
 290:Core/Src/bootloader.c ****             break;
 291:Core/Src/bootloader.c ****             
 292:Core/Src/bootloader.c ****         case CMD_SET_ADDRESS:
 293:Core/Src/bootloader.c ****             /* Set the current write address */
 294:Core/Src/bootloader.c ****             address = (rx_data[1] << 24) | (rx_data[2] << 16) |
 295:Core/Src/bootloader.c ****                      (rx_data[3] << 8) | rx_data[4];
 296:Core/Src/bootloader.c **** 
 297:Core/Src/bootloader.c ****             /* Validate address is in application area (not in permanent storage) */
 298:Core/Src/bootloader.c ****             if (address >= APPLICATION_ADDRESS && address <= APPLICATION_END_ADDRESS)
 299:Core/Src/bootloader.c ****             {
 300:Core/Src/bootloader.c ****                 bootloader_status.current_address = address;
 301:Core/Src/bootloader.c ****                 buffer_index = 0;  /* Reset buffer */
 302:Core/Src/bootloader.c ****                 Bootloader_SendACK();
 303:Core/Src/bootloader.c ****             }
 304:Core/Src/bootloader.c ****             else
 305:Core/Src/bootloader.c ****             {
 306:Core/Src/bootloader.c ****                 Bootloader_SendNACK(ERR_INVALID_ADDRESS);
 307:Core/Src/bootloader.c ****             }
 308:Core/Src/bootloader.c ****             break;
 309:Core/Src/bootloader.c ****             
 310:Core/Src/bootloader.c ****         case CMD_WRITE_DATA:
 311:Core/Src/bootloader.c ****             /* Write data to flash at current address */
 312:Core/Src/bootloader.c ****             /* Expected format: [CMD] [0x04] [byte0] [byte1] [byte2] [byte3] ... */
 313:Core/Src/bootloader.c ****             /* Receives 4 bytes per message, buffers two messages (8 bytes) before writing */
 314:Core/Src/bootloader.c ****             bootloader_status.state = BL_STATE_WRITING;
 315:Core/Src/bootloader.c ****             length = rx_data[1];  /* Data length - should always be 4 */
ARM GAS  C:\Users\Ali\AppData\Local\Temp\ccdQfK6d.s 			page 7


 316:Core/Src/bootloader.c ****             
 317:Core/Src/bootloader.c ****             if (length != 4)
 318:Core/Src/bootloader.c ****             {
 319:Core/Src/bootloader.c ****                 Bootloader_SendNACK(ERR_INVALID_DATA_LENGTH);
 320:Core/Src/bootloader.c ****                 bootloader_status.state = BL_STATE_IDLE;
 321:Core/Src/bootloader.c ****                 buffer_index = 0;  /* Reset buffer on error */
 322:Core/Src/bootloader.c ****                 break;
 323:Core/Src/bootloader.c ****             }
 324:Core/Src/bootloader.c ****             
 325:Core/Src/bootloader.c ****             /* Copy 4 bytes to buffer */
 326:Core/Src/bootloader.c ****             for (uint8_t i = 0; i < 4; i++)
 327:Core/Src/bootloader.c ****             {
 328:Core/Src/bootloader.c ****                 flash_buffer[buffer_index++] = rx_data[2 + i];
 329:Core/Src/bootloader.c ****             }
 330:Core/Src/bootloader.c ****             
 331:Core/Src/bootloader.c ****             /* Write to flash when we have 8 bytes (two 4-byte chunks) */
 332:Core/Src/bootloader.c ****             if (buffer_index >= 8)
 333:Core/Src/bootloader.c ****             {
 334:Core/Src/bootloader.c ****                 result = Bootloader_WriteFlash(bootloader_status.current_address, 
 335:Core/Src/bootloader.c ****                                                flash_buffer, 8);
 336:Core/Src/bootloader.c ****                 if (result == ERR_NONE)
 337:Core/Src/bootloader.c ****                 {
 338:Core/Src/bootloader.c ****                     bootloader_status.current_address += 8;
 339:Core/Src/bootloader.c ****                     bootloader_status.bytes_written += 8;
 340:Core/Src/bootloader.c ****                     buffer_index = 0;
 341:Core/Src/bootloader.c ****                     Bootloader_SendACK();
 342:Core/Src/bootloader.c ****                 }
 343:Core/Src/bootloader.c ****                 else
 344:Core/Src/bootloader.c ****                 {
 345:Core/Src/bootloader.c ****                     buffer_index = 0;  /* Reset buffer on write failure */
 346:Core/Src/bootloader.c ****                     Bootloader_SendNACK(result);
 347:Core/Src/bootloader.c ****                 }
 348:Core/Src/bootloader.c ****             }
 349:Core/Src/bootloader.c ****             else
 350:Core/Src/bootloader.c ****             {
 351:Core/Src/bootloader.c ****                 Bootloader_SendACK();  /* Data buffered, waiting for more */
 352:Core/Src/bootloader.c ****             }
 353:Core/Src/bootloader.c ****             
 354:Core/Src/bootloader.c ****             bootloader_status.state = BL_STATE_IDLE;
 355:Core/Src/bootloader.c ****             break;
 356:Core/Src/bootloader.c ****             
 357:Core/Src/bootloader.c ****         case CMD_WRITE_FLASH:
 358:Core/Src/bootloader.c ****             /* Legacy write command - write address and data in one message */
 359:Core/Src/bootloader.c ****             address = (rx_data[1] << 24) | (rx_data[2] << 16) |
 360:Core/Src/bootloader.c ****                      (rx_data[3] << 8) | rx_data[4];
 361:Core/Src/bootloader.c ****             length = rx_data[5];
 362:Core/Src/bootloader.c **** 
 363:Core/Src/bootloader.c ****             /* Validate address is in application area (not in permanent storage) */
 364:Core/Src/bootloader.c ****             if (address >= APPLICATION_ADDRESS && address <= APPLICATION_END_ADDRESS)
 365:Core/Src/bootloader.c ****             {
 366:Core/Src/bootloader.c ****                 bootloader_status.state = BL_STATE_WRITING;
 367:Core/Src/bootloader.c ****                 result = Bootloader_WriteFlash(address, &rx_data[6], length);
 368:Core/Src/bootloader.c ****                 if (result == ERR_NONE)
 369:Core/Src/bootloader.c ****                 {
 370:Core/Src/bootloader.c ****                     Bootloader_SendACK();
 371:Core/Src/bootloader.c ****                 }
 372:Core/Src/bootloader.c ****                 else
ARM GAS  C:\Users\Ali\AppData\Local\Temp\ccdQfK6d.s 			page 8


 373:Core/Src/bootloader.c ****                 {
 374:Core/Src/bootloader.c ****                     Bootloader_SendNACK(result);
 375:Core/Src/bootloader.c ****                 }
 376:Core/Src/bootloader.c ****                 bootloader_status.state = BL_STATE_IDLE;
 377:Core/Src/bootloader.c ****             }
 378:Core/Src/bootloader.c ****             else
 379:Core/Src/bootloader.c ****             {
 380:Core/Src/bootloader.c ****                 Bootloader_SendNACK(ERR_INVALID_ADDRESS);
 381:Core/Src/bootloader.c ****             }
 382:Core/Src/bootloader.c ****             break;
 383:Core/Src/bootloader.c ****             
 384:Core/Src/bootloader.c ****         case CMD_READ_FLASH:
 385:Core/Src/bootloader.c ****             /* Read flash memory */
 386:Core/Src/bootloader.c ****             address = (rx_data[1] << 24) | (rx_data[2] << 16) |
 387:Core/Src/bootloader.c ****                      (rx_data[3] << 8) | rx_data[4];
 388:Core/Src/bootloader.c ****             length = rx_data[5];
 389:Core/Src/bootloader.c **** 
 390:Core/Src/bootloader.c ****             /* Allow reading from application area only (not permanent storage during flash ops) */
 391:Core/Src/bootloader.c ****             if (address >= APPLICATION_ADDRESS && address <= APPLICATION_END_ADDRESS && length <= 7
 392:Core/Src/bootloader.c ****             {
 393:Core/Src/bootloader.c ****                 bootloader_status.state = BL_STATE_READING;
 394:Core/Src/bootloader.c ****                 tx_data[0] = RESP_DATA;
 395:Core/Src/bootloader.c ****                 result = Bootloader_ReadFlash(address, &tx_data[1], length);
 396:Core/Src/bootloader.c ****                 if (result == ERR_NONE)
 397:Core/Src/bootloader.c ****                 {
 398:Core/Src/bootloader.c ****                     Bootloader_SendCANMessage(RESP_DATA, tx_data, length + 1);
 399:Core/Src/bootloader.c ****                 }
 400:Core/Src/bootloader.c ****                 else
 401:Core/Src/bootloader.c ****                 {
 402:Core/Src/bootloader.c ****                     Bootloader_SendNACK(result);
 403:Core/Src/bootloader.c ****                 }
 404:Core/Src/bootloader.c ****                 bootloader_status.state = BL_STATE_IDLE;
 405:Core/Src/bootloader.c ****             }
 406:Core/Src/bootloader.c ****             else
 407:Core/Src/bootloader.c ****             {
 408:Core/Src/bootloader.c ****                 Bootloader_SendNACK(ERR_INVALID_ADDRESS);
 409:Core/Src/bootloader.c ****             }
 410:Core/Src/bootloader.c ****             break;
 411:Core/Src/bootloader.c ****             
 412:Core/Src/bootloader.c ****         case CMD_JUMP_TO_APP:
 413:Core/Src/bootloader.c ****             /* Jump to application - set flag to jump from main loop, not from interrupt */
 414:Core/Src/bootloader.c ****             if (Bootloader_CheckValidApplication())
 415:Core/Src/bootloader.c ****             {
 416:Core/Src/bootloader.c ****                 /* Set the valid application flag in flash for future auto-boots */
 417:Core/Src/bootloader.c ****                 result = Bootloader_SetApplicationValidFlag();
 418:Core/Src/bootloader.c ****                 if (result != ERR_NONE)
 419:Core/Src/bootloader.c ****                 {
 420:Core/Src/bootloader.c ****                     /* Log error but still try to jump - flag write failure shouldn't prevent immed
 421:Core/Src/bootloader.c ****                     bootloader_status.last_error = result;
 422:Core/Src/bootloader.c ****                 }
 423:Core/Src/bootloader.c ****                 
 424:Core/Src/bootloader.c ****                 /* Update LED2 to show valid application */
 425:Core/Src/bootloader.c ****                 Bootloader_LED_UpdateStatus();
 426:Core/Src/bootloader.c ****                 
 427:Core/Src/bootloader.c ****                 Bootloader_SendACK();
 428:Core/Src/bootloader.c ****                 jump_to_app_flag = 1;  /* Set flag to trigger jump from main loop */
 429:Core/Src/bootloader.c ****             }
ARM GAS  C:\Users\Ali\AppData\Local\Temp\ccdQfK6d.s 			page 9


 430:Core/Src/bootloader.c ****             else
 431:Core/Src/bootloader.c ****             {
 432:Core/Src/bootloader.c ****                 Bootloader_SendNACK(ERR_NO_VALID_APP);
 433:Core/Src/bootloader.c ****             }
 434:Core/Src/bootloader.c ****             break;
 435:Core/Src/bootloader.c ****             
 436:Core/Src/bootloader.c ****         default:
 437:Core/Src/bootloader.c ****             /* Unknown command */
 438:Core/Src/bootloader.c ****             Bootloader_SendNACK(ERR_INVALID_COMMAND);
 439:Core/Src/bootloader.c ****             break;
 440:Core/Src/bootloader.c ****     }
 441:Core/Src/bootloader.c **** }
 442:Core/Src/bootloader.c **** 
 443:Core/Src/bootloader.c **** /**
 444:Core/Src/bootloader.c ****   * @brief  Erase application flash area
 445:Core/Src/bootloader.c ****   * @retval Error code
 446:Core/Src/bootloader.c ****   */
 447:Core/Src/bootloader.c **** static uint8_t Bootloader_EraseApplicationFlash(void)
 448:Core/Src/bootloader.c **** {
 449:Core/Src/bootloader.c ****     FLASH_EraseInitTypeDef erase_init;
 450:Core/Src/bootloader.c ****     uint32_t page_error;
 451:Core/Src/bootloader.c ****     HAL_StatusTypeDef status;
 452:Core/Src/bootloader.c ****     
 453:Core/Src/bootloader.c ****     /* Calculate first and last pages for application */
 454:Core/Src/bootloader.c ****     uint32_t first_page = (APPLICATION_ADDRESS - 0x08000000) / FLASH_PAGE_SIZE;
 455:Core/Src/bootloader.c ****     uint32_t num_pages = APPLICATION_SIZE / FLASH_PAGE_SIZE;
 456:Core/Src/bootloader.c ****     
 457:Core/Src/bootloader.c ****     /* Unlock flash */
 458:Core/Src/bootloader.c ****     HAL_FLASH_Unlock();
 459:Core/Src/bootloader.c ****     
 460:Core/Src/bootloader.c ****     /* Clear all flash flags */
 461:Core/Src/bootloader.c ****     __HAL_FLASH_CLEAR_FLAG(FLASH_FLAG_ALL_ERRORS);
 462:Core/Src/bootloader.c ****     
 463:Core/Src/bootloader.c ****     /* Erase pages one at a time for better responsiveness */
 464:Core/Src/bootloader.c ****     for (uint32_t page = 0; page < num_pages; page++)
 465:Core/Src/bootloader.c ****     {
 466:Core/Src/bootloader.c ****         /* Configure erase for single page */
 467:Core/Src/bootloader.c ****         erase_init.TypeErase = FLASH_TYPEERASE_PAGES;
 468:Core/Src/bootloader.c ****         erase_init.Banks = FLASH_BANK_1;
 469:Core/Src/bootloader.c ****         erase_init.Page = first_page + page;
 470:Core/Src/bootloader.c ****         erase_init.NbPages = 1;
 471:Core/Src/bootloader.c ****         
 472:Core/Src/bootloader.c ****         /* Perform erase */
 473:Core/Src/bootloader.c ****         status = HAL_FLASHEx_Erase(&erase_init, &page_error);
 474:Core/Src/bootloader.c ****         
 475:Core/Src/bootloader.c ****         if (status != HAL_OK)
 476:Core/Src/bootloader.c ****         {
 477:Core/Src/bootloader.c ****             HAL_FLASH_Lock();
 478:Core/Src/bootloader.c ****             bootloader_status.last_error = ERR_FLASH_ERASE_FAILED;
 479:Core/Src/bootloader.c ****             return ERR_FLASH_ERASE_FAILED;
 480:Core/Src/bootloader.c ****         }
 481:Core/Src/bootloader.c ****     }
 482:Core/Src/bootloader.c ****     
 483:Core/Src/bootloader.c ****     /* Lock flash */
 484:Core/Src/bootloader.c ****     HAL_FLASH_Lock();
 485:Core/Src/bootloader.c ****     
 486:Core/Src/bootloader.c ****     bootloader_status.last_error = ERR_NONE;
ARM GAS  C:\Users\Ali\AppData\Local\Temp\ccdQfK6d.s 			page 10


 487:Core/Src/bootloader.c ****     return ERR_NONE;
 488:Core/Src/bootloader.c **** }
 489:Core/Src/bootloader.c **** 
 490:Core/Src/bootloader.c **** /**
 491:Core/Src/bootloader.c ****   * @brief  Write data to flash
 492:Core/Src/bootloader.c ****   * @param  address: Flash address to write
 493:Core/Src/bootloader.c ****   * @param  data: Pointer to data buffer
 494:Core/Src/bootloader.c ****   * @param  length: Number of bytes to write (must be multiple of 8)
 495:Core/Src/bootloader.c ****   * @retval Error code
 496:Core/Src/bootloader.c ****   */
 497:Core/Src/bootloader.c **** static uint8_t Bootloader_WriteFlash(uint32_t address, uint8_t *data, uint16_t length)
 498:Core/Src/bootloader.c **** {
 499:Core/Src/bootloader.c ****     HAL_StatusTypeDef status = HAL_OK;
 500:Core/Src/bootloader.c ****     uint32_t i;
 501:Core/Src/bootloader.c ****     uint64_t data64;
 502:Core/Src/bootloader.c **** 
 503:Core/Src/bootloader.c ****     /* Validate parameters - protect permanent storage area */
 504:Core/Src/bootloader.c ****     if (address < APPLICATION_ADDRESS || address > APPLICATION_END_ADDRESS)
 505:Core/Src/bootloader.c ****     {
 506:Core/Src/bootloader.c ****         bootloader_status.last_error = ERR_INVALID_ADDRESS;
 507:Core/Src/bootloader.c ****         return ERR_INVALID_ADDRESS;
 508:Core/Src/bootloader.c ****     }
 509:Core/Src/bootloader.c **** 
 510:Core/Src/bootloader.c ****     /* Ensure write doesn't overflow into permanent storage */
 511:Core/Src/bootloader.c ****     if ((address + length - 1) > APPLICATION_END_ADDRESS)
 512:Core/Src/bootloader.c ****     {
 513:Core/Src/bootloader.c ****         bootloader_status.last_error = ERR_INVALID_ADDRESS;
 514:Core/Src/bootloader.c ****         return ERR_INVALID_ADDRESS;
 515:Core/Src/bootloader.c ****     }
 516:Core/Src/bootloader.c ****     
 517:Core/Src/bootloader.c ****     /* Length must be multiple of 8 for double word programming */
 518:Core/Src/bootloader.c ****     if (length % 8 != 0)
 519:Core/Src/bootloader.c ****     {
 520:Core/Src/bootloader.c ****         bootloader_status.last_error = ERR_INVALID_DATA_LENGTH;
 521:Core/Src/bootloader.c ****         return ERR_INVALID_DATA_LENGTH;
 522:Core/Src/bootloader.c ****     }
 523:Core/Src/bootloader.c ****     
 524:Core/Src/bootloader.c ****     /* Unlock flash */
 525:Core/Src/bootloader.c ****     HAL_FLASH_Unlock();
 526:Core/Src/bootloader.c ****     
 527:Core/Src/bootloader.c ****     /* Clear all flash flags */
 528:Core/Src/bootloader.c ****     __HAL_FLASH_CLEAR_FLAG(FLASH_FLAG_ALL_ERRORS);
 529:Core/Src/bootloader.c ****     
 530:Core/Src/bootloader.c ****     /* Write data in 64-bit chunks */
 531:Core/Src/bootloader.c ****     for (i = 0; i < length; i += 8)
 532:Core/Src/bootloader.c ****     {
 533:Core/Src/bootloader.c ****         /* Combine 8 bytes into 64-bit value */
 534:Core/Src/bootloader.c ****         data64 = ((uint64_t)data[i + 0] << 0)  |
 535:Core/Src/bootloader.c ****                  ((uint64_t)data[i + 1] << 8)  |
 536:Core/Src/bootloader.c ****                  ((uint64_t)data[i + 2] << 16) |
 537:Core/Src/bootloader.c ****                  ((uint64_t)data[i + 3] << 24) |
 538:Core/Src/bootloader.c ****                  ((uint64_t)data[i + 4] << 32) |
 539:Core/Src/bootloader.c ****                  ((uint64_t)data[i + 5] << 40) |
 540:Core/Src/bootloader.c ****                  ((uint64_t)data[i + 6] << 48) |
 541:Core/Src/bootloader.c ****                  ((uint64_t)data[i + 7] << 56);
 542:Core/Src/bootloader.c ****         
 543:Core/Src/bootloader.c ****         status = HAL_FLASH_Program(FLASH_TYPEPROGRAM_DOUBLEWORD, address + i, data64);
ARM GAS  C:\Users\Ali\AppData\Local\Temp\ccdQfK6d.s 			page 11


 544:Core/Src/bootloader.c ****         
 545:Core/Src/bootloader.c ****         if (status != HAL_OK)
 546:Core/Src/bootloader.c ****         {
 547:Core/Src/bootloader.c ****             break;
 548:Core/Src/bootloader.c ****         }
 549:Core/Src/bootloader.c ****     }
 550:Core/Src/bootloader.c ****     
 551:Core/Src/bootloader.c ****     /* Lock flash */
 552:Core/Src/bootloader.c ****     HAL_FLASH_Lock();
 553:Core/Src/bootloader.c ****     
 554:Core/Src/bootloader.c ****     if (status != HAL_OK)
 555:Core/Src/bootloader.c ****     {
 556:Core/Src/bootloader.c ****         bootloader_status.last_error = ERR_FLASH_WRITE_FAILED;
 557:Core/Src/bootloader.c ****         return ERR_FLASH_WRITE_FAILED;
 558:Core/Src/bootloader.c ****     }
 559:Core/Src/bootloader.c ****     
 560:Core/Src/bootloader.c ****     bootloader_status.last_error = ERR_NONE;
 561:Core/Src/bootloader.c ****     return ERR_NONE;
 562:Core/Src/bootloader.c **** }
 563:Core/Src/bootloader.c **** 
 564:Core/Src/bootloader.c **** /**
 565:Core/Src/bootloader.c ****   * @brief  Read data from flash
 566:Core/Src/bootloader.c ****   * @param  address: Flash address to read
 567:Core/Src/bootloader.c ****   * @param  data: Pointer to data buffer
 568:Core/Src/bootloader.c ****   * @param  length: Number of bytes to read
 569:Core/Src/bootloader.c ****   * @retval Error code
 570:Core/Src/bootloader.c ****   */
 571:Core/Src/bootloader.c **** static uint8_t Bootloader_ReadFlash(uint32_t address, uint8_t *data, uint16_t length)
 572:Core/Src/bootloader.c **** {
  29              		.loc 1 572 1 view -0
  30              		.cfi_startproc
  31              		@ args = 0, pretend = 0, frame = 0
  32              		@ frame_needed = 0, uses_anonymous_args = 0
  33              		@ link register save eliminated.
 573:Core/Src/bootloader.c ****     uint16_t i;
  34              		.loc 1 573 5 view .LVU1
 574:Core/Src/bootloader.c ****     uint8_t *flash_ptr = (uint8_t *)address;
  35              		.loc 1 574 5 view .LVU2
 575:Core/Src/bootloader.c **** 
 576:Core/Src/bootloader.c ****     /* Validate address - protect permanent storage area */
 577:Core/Src/bootloader.c ****     if (address < APPLICATION_ADDRESS || address > APPLICATION_END_ADDRESS)
  36              		.loc 1 577 5 view .LVU3
  37              		.loc 1 577 39 is_stmt 0 view .LVU4
  38 0000 00F17843 		add	r3, r0, #-134217728
  39 0004 A3F50043 		sub	r3, r3, #32768
  40              		.loc 1 577 8 view .LVU5
  41 0008 B3F5503F 		cmp	r3, #212992
  42 000c 13D2     		bcs	.L5
 572:Core/Src/bootloader.c ****     uint16_t i;
  43              		.loc 1 572 1 view .LVU6
  44 000e 10B4     		push	{r4}
  45              		.cfi_def_cfa_offset 4
  46              		.cfi_offset 4, -4
 578:Core/Src/bootloader.c ****     {
 579:Core/Src/bootloader.c ****         return ERR_INVALID_ADDRESS;
 580:Core/Src/bootloader.c ****     }
 581:Core/Src/bootloader.c **** 
ARM GAS  C:\Users\Ali\AppData\Local\Temp\ccdQfK6d.s 			page 12


 582:Core/Src/bootloader.c ****     /* Ensure read doesn't overflow into permanent storage */
 583:Core/Src/bootloader.c ****     if ((address + length - 1) > APPLICATION_END_ADDRESS)
  47              		.loc 1 583 5 is_stmt 1 view .LVU7
  48              		.loc 1 583 18 is_stmt 0 view .LVU8
  49 0010 1318     		adds	r3, r2, r0
  50              		.loc 1 583 27 view .LVU9
  51 0012 013B     		subs	r3, r3, #1
  52              		.loc 1 583 8 view .LVU10
  53 0014 0A4C     		ldr	r4, .L11
  54 0016 A342     		cmp	r3, r4
  55 0018 0FD2     		bcs	.L6
 584:Core/Src/bootloader.c ****     {
 585:Core/Src/bootloader.c ****         return ERR_INVALID_ADDRESS;
 586:Core/Src/bootloader.c ****     }
 587:Core/Src/bootloader.c ****     
 588:Core/Src/bootloader.c ****     /* Read data */
 589:Core/Src/bootloader.c ****     for (i = 0; i < length; i++)
  56              		.loc 1 589 12 view .LVU11
  57 001a 0023     		movs	r3, #0
  58 001c 05E0     		b	.L3
  59              	.LVL1:
  60              	.L4:
 590:Core/Src/bootloader.c ****     {
 591:Core/Src/bootloader.c ****         data[i] = flash_ptr[i];
  61              		.loc 1 591 9 is_stmt 1 view .LVU12
  62              		.loc 1 591 28 is_stmt 0 view .LVU13
  63 001e 10F803C0 		ldrb	ip, [r0, r3]	@ zero_extendqisi2
  64              		.loc 1 591 17 view .LVU14
  65 0022 01F803C0 		strb	ip, [r1, r3]
 589:Core/Src/bootloader.c ****     {
  66              		.loc 1 589 30 is_stmt 1 discriminator 3 view .LVU15
  67 0026 0133     		adds	r3, r3, #1
  68              	.LVL2:
 589:Core/Src/bootloader.c ****     {
  69              		.loc 1 589 30 is_stmt 0 discriminator 3 view .LVU16
  70 0028 9BB2     		uxth	r3, r3
  71              	.LVL3:
  72              	.L3:
 589:Core/Src/bootloader.c ****     {
  73              		.loc 1 589 19 is_stmt 1 discriminator 1 view .LVU17
  74 002a 9342     		cmp	r3, r2
  75 002c F7D3     		bcc	.L4
 592:Core/Src/bootloader.c ****     }
 593:Core/Src/bootloader.c ****     
 594:Core/Src/bootloader.c ****     return ERR_NONE;
  76              		.loc 1 594 12 is_stmt 0 view .LVU18
  77 002e 0020     		movs	r0, #0
  78              	.LVL4:
  79              	.L2:
 595:Core/Src/bootloader.c **** }
  80              		.loc 1 595 1 view .LVU19
  81 0030 5DF8044B 		ldr	r4, [sp], #4
  82              		.cfi_restore 4
  83              		.cfi_def_cfa_offset 0
  84 0034 7047     		bx	lr
  85              	.LVL5:
  86              	.L5:
ARM GAS  C:\Users\Ali\AppData\Local\Temp\ccdQfK6d.s 			page 13


 579:Core/Src/bootloader.c ****     }
  87              		.loc 1 579 16 view .LVU20
  88 0036 0220     		movs	r0, #2
  89              	.LVL6:
  90              		.loc 1 595 1 view .LVU21
  91 0038 7047     		bx	lr
  92              	.LVL7:
  93              	.L6:
  94              		.cfi_def_cfa_offset 4
  95              		.cfi_offset 4, -4
 585:Core/Src/bootloader.c ****     }
  96              		.loc 1 585 16 view .LVU22
  97 003a 0220     		movs	r0, #2
  98              	.LVL8:
 585:Core/Src/bootloader.c ****     }
  99              		.loc 1 585 16 view .LVU23
 100 003c F8E7     		b	.L2
 101              	.L12:
 102 003e 00BF     		.align	2
 103              	.L11:
 104 0040 00C00308 		.word	134463488
 105              		.cfi_endproc
 106              	.LFE138:
 108              		.section	.text.Bootloader_ConfigureCANFilter,"ax",%progbits
 109              		.align	1
 110              		.syntax unified
 111              		.thumb
 112              		.thumb_func
 114              	Bootloader_ConfigureCANFilter:
 115              	.LFB133:
  93:Core/Src/bootloader.c ****     CAN_FilterTypeDef can_filter;
 116              		.loc 1 93 1 is_stmt 1 view -0
 117              		.cfi_startproc
 118              		@ args = 0, pretend = 0, frame = 40
 119              		@ frame_needed = 0, uses_anonymous_args = 0
 120 0000 00B5     		push	{lr}
 121              		.cfi_def_cfa_offset 4
 122              		.cfi_offset 14, -4
 123 0002 8BB0     		sub	sp, sp, #44
 124              		.cfi_def_cfa_offset 48
  94:Core/Src/bootloader.c ****     
 125              		.loc 1 94 5 view .LVU25
  96:Core/Src/bootloader.c ****     can_filter.FilterMode = CAN_FILTERMODE_IDMASK;
 126              		.loc 1 96 5 view .LVU26
  96:Core/Src/bootloader.c ****     can_filter.FilterMode = CAN_FILTERMODE_IDMASK;
 127              		.loc 1 96 27 is_stmt 0 view .LVU27
 128 0004 0023     		movs	r3, #0
 129 0006 0593     		str	r3, [sp, #20]
  97:Core/Src/bootloader.c ****     can_filter.FilterScale = CAN_FILTERSCALE_32BIT;
 130              		.loc 1 97 5 is_stmt 1 view .LVU28
  97:Core/Src/bootloader.c ****     can_filter.FilterScale = CAN_FILTERSCALE_32BIT;
 131              		.loc 1 97 27 is_stmt 0 view .LVU29
 132 0008 0693     		str	r3, [sp, #24]
  98:Core/Src/bootloader.c ****     
 133              		.loc 1 98 5 is_stmt 1 view .LVU30
  98:Core/Src/bootloader.c ****     
 134              		.loc 1 98 28 is_stmt 0 view .LVU31
ARM GAS  C:\Users\Ali\AppData\Local\Temp\ccdQfK6d.s 			page 14


 135 000a 0122     		movs	r2, #1
 136 000c 0792     		str	r2, [sp, #28]
 107:Core/Src/bootloader.c ****     uint32_t filter_mask = (0x1FFFFFFFUL << 3) | 0x04;       /* Match all 29 ID bits + IDE */
 137              		.loc 1 107 5 is_stmt 1 view .LVU32
 138              	.LVL9:
 108:Core/Src/bootloader.c ****     
 139              		.loc 1 108 5 view .LVU33
 110:Core/Src/bootloader.c ****     can_filter.FilterIdLow    = filter_id & 0xFFFF;
 140              		.loc 1 110 5 view .LVU34
 110:Core/Src/bootloader.c ****     can_filter.FilterIdLow    = filter_id & 0xFFFF;
 141              		.loc 1 110 31 is_stmt 0 view .LVU35
 142 000e 4FF44041 		mov	r1, #49152
 143 0012 0091     		str	r1, [sp]
 111:Core/Src/bootloader.c ****     can_filter.FilterMaskIdHigh = (filter_mask >> 16) & 0xFFFF;
 144              		.loc 1 111 5 is_stmt 1 view .LVU36
 111:Core/Src/bootloader.c ****     can_filter.FilterMaskIdHigh = (filter_mask >> 16) & 0xFFFF;
 145              		.loc 1 111 31 is_stmt 0 view .LVU37
 146 0014 43F60C01 		movw	r1, #14348
 147 0018 0191     		str	r1, [sp, #4]
 112:Core/Src/bootloader.c ****     can_filter.FilterMaskIdLow  = filter_mask & 0xFFFF;
 148              		.loc 1 112 5 is_stmt 1 view .LVU38
 112:Core/Src/bootloader.c ****     can_filter.FilterMaskIdLow  = filter_mask & 0xFFFF;
 149              		.loc 1 112 33 is_stmt 0 view .LVU39
 150 001a 4FF6FF71 		movw	r1, #65535
 151 001e 0291     		str	r1, [sp, #8]
 113:Core/Src/bootloader.c ****     can_filter.FilterFIFOAssignment = CAN_RX_FIFO0;
 152              		.loc 1 113 5 is_stmt 1 view .LVU40
 113:Core/Src/bootloader.c ****     can_filter.FilterFIFOAssignment = CAN_RX_FIFO0;
 153              		.loc 1 113 33 is_stmt 0 view .LVU41
 154 0020 4FF6FC71 		movw	r1, #65532
 155 0024 0391     		str	r1, [sp, #12]
 114:Core/Src/bootloader.c ****     can_filter.FilterActivation = ENABLE;
 156              		.loc 1 114 5 is_stmt 1 view .LVU42
 114:Core/Src/bootloader.c ****     can_filter.FilterActivation = ENABLE;
 157              		.loc 1 114 37 is_stmt 0 view .LVU43
 158 0026 0493     		str	r3, [sp, #16]
 115:Core/Src/bootloader.c ****     can_filter.SlaveStartFilterBank = 14;
 159              		.loc 1 115 5 is_stmt 1 view .LVU44
 115:Core/Src/bootloader.c ****     can_filter.SlaveStartFilterBank = 14;
 160              		.loc 1 115 33 is_stmt 0 view .LVU45
 161 0028 0892     		str	r2, [sp, #32]
 116:Core/Src/bootloader.c ****     
 162              		.loc 1 116 5 is_stmt 1 view .LVU46
 116:Core/Src/bootloader.c ****     
 163              		.loc 1 116 37 is_stmt 0 view .LVU47
 164 002a 0E23     		movs	r3, #14
 165 002c 0993     		str	r3, [sp, #36]
 118:Core/Src/bootloader.c ****     {
 166              		.loc 1 118 5 is_stmt 1 view .LVU48
 118:Core/Src/bootloader.c ****     {
 167              		.loc 1 118 9 is_stmt 0 view .LVU49
 168 002e 6946     		mov	r1, sp
 169 0030 054B     		ldr	r3, .L17
 170 0032 1868     		ldr	r0, [r3]
 171 0034 FFF7FEFF 		bl	HAL_CAN_ConfigFilter
 172              	.LVL10:
 118:Core/Src/bootloader.c ****     {
ARM GAS  C:\Users\Ali\AppData\Local\Temp\ccdQfK6d.s 			page 15


 173              		.loc 1 118 8 discriminator 1 view .LVU50
 174 0038 10B9     		cbnz	r0, .L16
 175              	.L13:
 122:Core/Src/bootloader.c **** 
 176              		.loc 1 122 1 view .LVU51
 177 003a 0BB0     		add	sp, sp, #44
 178              		.cfi_remember_state
 179              		.cfi_def_cfa_offset 4
 180              		@ sp needed
 181 003c 5DF804FB 		ldr	pc, [sp], #4
 182              	.L16:
 183              		.cfi_restore_state
 120:Core/Src/bootloader.c ****     }
 184              		.loc 1 120 9 is_stmt 1 view .LVU52
 185 0040 FFF7FEFF 		bl	Error_Handler
 186              	.LVL11:
 122:Core/Src/bootloader.c **** 
 187              		.loc 1 122 1 is_stmt 0 view .LVU53
 188 0044 F9E7     		b	.L13
 189              	.L18:
 190 0046 00BF     		.align	2
 191              	.L17:
 192 0048 00000000 		.word	hcan_bootloader
 193              		.cfi_endproc
 194              	.LFE133:
 196              		.section	.text.Bootloader_WaitForCANTransmission,"ax",%progbits
 197              		.align	1
 198              		.syntax unified
 199              		.thumb
 200              		.thumb_func
 202              	Bootloader_WaitForCANTransmission:
 203              	.LFB141:
 596:Core/Src/bootloader.c **** 
 597:Core/Src/bootloader.c **** /**
 598:Core/Src/bootloader.c ****   * @brief  Check if valid application exists
 599:Core/Src/bootloader.c ****   * @retval 1 if valid application, 0 otherwise
 600:Core/Src/bootloader.c ****   */
 601:Core/Src/bootloader.c **** uint8_t Bootloader_CheckValidApplication(void)
 602:Core/Src/bootloader.c **** {
 603:Core/Src/bootloader.c ****     uint32_t stack_pointer = *(__IO uint32_t *)APPLICATION_ADDRESS;
 604:Core/Src/bootloader.c ****     uint32_t reset_handler = *(__IO uint32_t *)(APPLICATION_ADDRESS + 4);
 605:Core/Src/bootloader.c ****     
 606:Core/Src/bootloader.c ****     /* Check if stack pointer is in valid RAM range */
 607:Core/Src/bootloader.c ****     if ((stack_pointer & 0xFFF00000) != 0x20000000)
 608:Core/Src/bootloader.c ****     {
 609:Core/Src/bootloader.c ****         return 0;
 610:Core/Src/bootloader.c ****     }
 611:Core/Src/bootloader.c ****     
 612:Core/Src/bootloader.c ****     /* Check if reset handler is in valid flash range (odd address for Thumb) */
 613:Core/Src/bootloader.c ****     if ((reset_handler & 0xFF000000) != 0x08000000 || (reset_handler & 0x01) == 0)
 614:Core/Src/bootloader.c ****     {
 615:Core/Src/bootloader.c ****         return 0;
 616:Core/Src/bootloader.c ****     }
 617:Core/Src/bootloader.c ****     
 618:Core/Src/bootloader.c ****     return 1;
 619:Core/Src/bootloader.c **** }
 620:Core/Src/bootloader.c **** 
ARM GAS  C:\Users\Ali\AppData\Local\Temp\ccdQfK6d.s 			page 16


 621:Core/Src/bootloader.c **** /**
 622:Core/Src/bootloader.c ****   * @brief  De-initialize peripherals before jumping to application
 623:Core/Src/bootloader.c ****   * @retval None
 624:Core/Src/bootloader.c ****   */
 625:Core/Src/bootloader.c **** static void Bootloader_DeInit(void)
 626:Core/Src/bootloader.c **** {
 627:Core/Src/bootloader.c ****     /* Turn off and de-initialize LED */
 628:Core/Src/bootloader.c ****     HAL_GPIO_WritePin(LED_PORT, LED_PIN, GPIO_PIN_RESET);
 629:Core/Src/bootloader.c ****     HAL_GPIO_DeInit(LED_PORT, LED_PIN);
 630:Core/Src/bootloader.c ****     
 631:Core/Src/bootloader.c ****     /* Disable CAN */
 632:Core/Src/bootloader.c ****     HAL_CAN_DeactivateNotification(hcan_bootloader, CAN_IT_RX_FIFO0_MSG_PENDING);
 633:Core/Src/bootloader.c ****     HAL_CAN_Stop(hcan_bootloader);
 634:Core/Src/bootloader.c ****     HAL_CAN_MspDeInit(hcan_bootloader);
 635:Core/Src/bootloader.c ****     
 636:Core/Src/bootloader.c ****     /* Disable SysTick */
 637:Core/Src/bootloader.c ****     SysTick->CTRL = 0;
 638:Core/Src/bootloader.c ****     SysTick->LOAD = 0;
 639:Core/Src/bootloader.c ****     SysTick->VAL = 0;
 640:Core/Src/bootloader.c ****     
 641:Core/Src/bootloader.c ****     /* Disable all interrupts */
 642:Core/Src/bootloader.c ****     __disable_irq();
 643:Core/Src/bootloader.c ****     
 644:Core/Src/bootloader.c ****     /* Disable all peripheral clocks */
 645:Core/Src/bootloader.c ****     __HAL_RCC_GPIOA_CLK_DISABLE();
 646:Core/Src/bootloader.c ****     __HAL_RCC_GPIOB_CLK_DISABLE();
 647:Core/Src/bootloader.c ****     __HAL_RCC_CAN1_CLK_DISABLE();
 648:Core/Src/bootloader.c **** }
 649:Core/Src/bootloader.c **** 
 650:Core/Src/bootloader.c **** /**
 651:Core/Src/bootloader.c ****   * @brief  Wait for all CAN transmissions to complete
 652:Core/Src/bootloader.c ****   * @retval None
 653:Core/Src/bootloader.c ****   */
 654:Core/Src/bootloader.c **** static void Bootloader_WaitForCANTransmission(void)
 655:Core/Src/bootloader.c **** {
 204              		.loc 1 655 1 is_stmt 1 view -0
 205              		.cfi_startproc
 206              		@ args = 0, pretend = 0, frame = 0
 207              		@ frame_needed = 0, uses_anonymous_args = 0
 208 0000 10B5     		push	{r4, lr}
 209              		.cfi_def_cfa_offset 8
 210              		.cfi_offset 4, -8
 211              		.cfi_offset 14, -4
 656:Core/Src/bootloader.c ****     uint32_t timeout = 0;
 212              		.loc 1 656 5 view .LVU55
 213              	.LVL12:
 657:Core/Src/bootloader.c ****     
 658:Core/Src/bootloader.c ****     /* Wait until all 3 TX mailboxes are free (all transmissions complete) */
 659:Core/Src/bootloader.c ****     while (HAL_CAN_GetTxMailboxesFreeLevel(hcan_bootloader) != 3 && timeout < 1000000)
 214              		.loc 1 659 5 view .LVU56
 656:Core/Src/bootloader.c ****     uint32_t timeout = 0;
 215              		.loc 1 656 14 is_stmt 0 view .LVU57
 216 0002 0024     		movs	r4, #0
 217              	.LVL13:
 218              	.L20:
 219              		.loc 1 659 66 is_stmt 1 view .LVU58
 220              		.loc 1 659 12 is_stmt 0 view .LVU59
ARM GAS  C:\Users\Ali\AppData\Local\Temp\ccdQfK6d.s 			page 17


 221 0004 074B     		ldr	r3, .L24
 222 0006 1868     		ldr	r0, [r3]
 223 0008 FFF7FEFF 		bl	HAL_CAN_GetTxMailboxesFreeLevel
 224              	.LVL14:
 225              		.loc 1 659 66 discriminator 1 view .LVU60
 226 000c 0328     		cmp	r0, #3
 227 000e 04D0     		beq	.L21
 228 0010 054B     		ldr	r3, .L24+4
 229 0012 9C42     		cmp	r4, r3
 230 0014 01D8     		bhi	.L21
 660:Core/Src/bootloader.c ****     {
 661:Core/Src/bootloader.c ****         timeout++;
 231              		.loc 1 661 9 is_stmt 1 view .LVU61
 232              		.loc 1 661 16 is_stmt 0 view .LVU62
 233 0016 0134     		adds	r4, r4, #1
 234              	.LVL15:
 235              		.loc 1 661 16 view .LVU63
 236 0018 F4E7     		b	.L20
 237              	.LVL16:
 238              	.L21:
 662:Core/Src/bootloader.c ****     }
 663:Core/Src/bootloader.c ****     
 664:Core/Src/bootloader.c ****     /* Additional delay to ensure message physically leaves the CAN controller */
 665:Core/Src/bootloader.c ****     HAL_Delay(10);
 239              		.loc 1 665 5 is_stmt 1 view .LVU64
 240 001a 0A20     		movs	r0, #10
 241 001c FFF7FEFF 		bl	HAL_Delay
 242              	.LVL17:
 666:Core/Src/bootloader.c **** }
 243              		.loc 1 666 1 is_stmt 0 view .LVU65
 244 0020 10BD     		pop	{r4, pc}
 245              	.LVL18:
 246              	.L25:
 247              		.loc 1 666 1 view .LVU66
 248 0022 00BF     		.align	2
 249              	.L24:
 250 0024 00000000 		.word	hcan_bootloader
 251 0028 3F420F00 		.word	999999
 252              		.cfi_endproc
 253              	.LFE141:
 255              		.section	.text.Bootloader_EraseApplicationFlash,"ax",%progbits
 256              		.align	1
 257              		.syntax unified
 258              		.thumb
 259              		.thumb_func
 261              	Bootloader_EraseApplicationFlash:
 262              	.LFB136:
 448:Core/Src/bootloader.c ****     FLASH_EraseInitTypeDef erase_init;
 263              		.loc 1 448 1 is_stmt 1 view -0
 264              		.cfi_startproc
 265              		@ args = 0, pretend = 0, frame = 24
 266              		@ frame_needed = 0, uses_anonymous_args = 0
 267 0000 10B5     		push	{r4, lr}
 268              		.cfi_def_cfa_offset 8
 269              		.cfi_offset 4, -8
 270              		.cfi_offset 14, -4
 271 0002 86B0     		sub	sp, sp, #24
ARM GAS  C:\Users\Ali\AppData\Local\Temp\ccdQfK6d.s 			page 18


 272              		.cfi_def_cfa_offset 32
 449:Core/Src/bootloader.c ****     uint32_t page_error;
 273              		.loc 1 449 5 view .LVU68
 450:Core/Src/bootloader.c ****     HAL_StatusTypeDef status;
 274              		.loc 1 450 5 view .LVU69
 451:Core/Src/bootloader.c ****     
 275              		.loc 1 451 5 view .LVU70
 454:Core/Src/bootloader.c ****     uint32_t num_pages = APPLICATION_SIZE / FLASH_PAGE_SIZE;
 276              		.loc 1 454 5 view .LVU71
 277              	.LVL19:
 455:Core/Src/bootloader.c ****     
 278              		.loc 1 455 5 view .LVU72
 458:Core/Src/bootloader.c ****     
 279              		.loc 1 458 5 view .LVU73
 280 0004 FFF7FEFF 		bl	HAL_FLASH_Unlock
 281              	.LVL20:
 461:Core/Src/bootloader.c ****     
 282              		.loc 1 461 5 view .LVU74
 461:Core/Src/bootloader.c ****     
 283              		.loc 1 461 5 view .LVU75
 461:Core/Src/bootloader.c ****     
 284              		.loc 1 461 5 discriminator 1 view .LVU76
 285 0008 134B     		ldr	r3, .L34
 286 000a 9A69     		ldr	r2, [r3, #24]
 287 000c 42F04042 		orr	r2, r2, #-1073741824
 288 0010 9A61     		str	r2, [r3, #24]
 461:Core/Src/bootloader.c ****     
 289              		.loc 1 461 5 discriminator 3 view .LVU77
 461:Core/Src/bootloader.c ****     
 290              		.loc 1 461 5 discriminator 4 view .LVU78
 291 0012 4CF2FA32 		movw	r2, #50170
 292 0016 1A61     		str	r2, [r3, #16]
 461:Core/Src/bootloader.c ****     
 293              		.loc 1 461 5 discriminator 6 view .LVU79
 464:Core/Src/bootloader.c ****     {
 294              		.loc 1 464 5 view .LVU80
 295              	.LBB6:
 464:Core/Src/bootloader.c ****     {
 296              		.loc 1 464 10 view .LVU81
 297              	.LVL21:
 464:Core/Src/bootloader.c ****     {
 298              		.loc 1 464 19 is_stmt 0 view .LVU82
 299 0018 0024     		movs	r4, #0
 300              	.LVL22:
 301              	.L27:
 464:Core/Src/bootloader.c ****     {
 302              		.loc 1 464 34 is_stmt 1 discriminator 1 view .LVU83
 303 001a 672C     		cmp	r4, #103
 304 001c 15D8     		bhi	.L32
 467:Core/Src/bootloader.c ****         erase_init.Banks = FLASH_BANK_1;
 305              		.loc 1 467 9 view .LVU84
 467:Core/Src/bootloader.c ****         erase_init.Banks = FLASH_BANK_1;
 306              		.loc 1 467 30 is_stmt 0 view .LVU85
 307 001e 0023     		movs	r3, #0
 308 0020 0293     		str	r3, [sp, #8]
 468:Core/Src/bootloader.c ****         erase_init.Page = first_page + page;
 309              		.loc 1 468 9 is_stmt 1 view .LVU86
ARM GAS  C:\Users\Ali\AppData\Local\Temp\ccdQfK6d.s 			page 19


 468:Core/Src/bootloader.c ****         erase_init.Page = first_page + page;
 310              		.loc 1 468 26 is_stmt 0 view .LVU87
 311 0022 0123     		movs	r3, #1
 312 0024 0393     		str	r3, [sp, #12]
 469:Core/Src/bootloader.c ****         erase_init.NbPages = 1;
 313              		.loc 1 469 9 is_stmt 1 view .LVU88
 469:Core/Src/bootloader.c ****         erase_init.NbPages = 1;
 314              		.loc 1 469 38 is_stmt 0 view .LVU89
 315 0026 04F11002 		add	r2, r4, #16
 469:Core/Src/bootloader.c ****         erase_init.NbPages = 1;
 316              		.loc 1 469 25 view .LVU90
 317 002a 0492     		str	r2, [sp, #16]
 470:Core/Src/bootloader.c ****         
 318              		.loc 1 470 9 is_stmt 1 view .LVU91
 470:Core/Src/bootloader.c ****         
 319              		.loc 1 470 28 is_stmt 0 view .LVU92
 320 002c 0593     		str	r3, [sp, #20]
 473:Core/Src/bootloader.c ****         
 321              		.loc 1 473 9 is_stmt 1 view .LVU93
 473:Core/Src/bootloader.c ****         
 322              		.loc 1 473 18 is_stmt 0 view .LVU94
 323 002e 01A9     		add	r1, sp, #4
 324 0030 02A8     		add	r0, sp, #8
 325 0032 FFF7FEFF 		bl	HAL_FLASHEx_Erase
 326              	.LVL23:
 475:Core/Src/bootloader.c ****         {
 327              		.loc 1 475 9 is_stmt 1 view .LVU95
 475:Core/Src/bootloader.c ****         {
 328              		.loc 1 475 12 is_stmt 0 view .LVU96
 329 0036 08B9     		cbnz	r0, .L33
 464:Core/Src/bootloader.c ****     {
 330              		.loc 1 464 51 is_stmt 1 discriminator 2 view .LVU97
 331 0038 0134     		adds	r4, r4, #1
 332              	.LVL24:
 464:Core/Src/bootloader.c ****     {
 333              		.loc 1 464 51 is_stmt 0 discriminator 2 view .LVU98
 334 003a EEE7     		b	.L27
 335              	.LVL25:
 336              	.L33:
 477:Core/Src/bootloader.c ****             bootloader_status.last_error = ERR_FLASH_ERASE_FAILED;
 337              		.loc 1 477 13 is_stmt 1 view .LVU99
 338 003c FFF7FEFF 		bl	HAL_FLASH_Lock
 339              	.LVL26:
 478:Core/Src/bootloader.c ****             return ERR_FLASH_ERASE_FAILED;
 340              		.loc 1 478 13 view .LVU100
 478:Core/Src/bootloader.c ****             return ERR_FLASH_ERASE_FAILED;
 341              		.loc 1 478 42 is_stmt 0 view .LVU101
 342 0040 0320     		movs	r0, #3
 343 0042 064B     		ldr	r3, .L34+4
 344 0044 1874     		strb	r0, [r3, #16]
 479:Core/Src/bootloader.c ****         }
 345              		.loc 1 479 13 is_stmt 1 view .LVU102
 346              	.LVL27:
 347              	.L29:
 479:Core/Src/bootloader.c ****         }
 348              		.loc 1 479 13 is_stmt 0 view .LVU103
 349              	.LBE6:
ARM GAS  C:\Users\Ali\AppData\Local\Temp\ccdQfK6d.s 			page 20


 488:Core/Src/bootloader.c **** 
 350              		.loc 1 488 1 view .LVU104
 351 0046 06B0     		add	sp, sp, #24
 352              		.cfi_remember_state
 353              		.cfi_def_cfa_offset 8
 354              		@ sp needed
 355 0048 10BD     		pop	{r4, pc}
 356              	.LVL28:
 357              	.L32:
 358              		.cfi_restore_state
 484:Core/Src/bootloader.c ****     
 359              		.loc 1 484 5 is_stmt 1 view .LVU105
 360 004a FFF7FEFF 		bl	HAL_FLASH_Lock
 361              	.LVL29:
 486:Core/Src/bootloader.c ****     return ERR_NONE;
 362              		.loc 1 486 5 view .LVU106
 486:Core/Src/bootloader.c ****     return ERR_NONE;
 363              		.loc 1 486 34 is_stmt 0 view .LVU107
 364 004e 0020     		movs	r0, #0
 365 0050 024B     		ldr	r3, .L34+4
 366 0052 1874     		strb	r0, [r3, #16]
 487:Core/Src/bootloader.c **** }
 367              		.loc 1 487 5 is_stmt 1 view .LVU108
 487:Core/Src/bootloader.c **** }
 368              		.loc 1 487 12 is_stmt 0 view .LVU109
 369 0054 F7E7     		b	.L29
 370              	.L35:
 371 0056 00BF     		.align	2
 372              	.L34:
 373 0058 00200240 		.word	1073881088
 374 005c 00000000 		.word	bootloader_status
 375              		.cfi_endproc
 376              	.LFE136:
 378              		.section	.text.Bootloader_WriteFlash,"ax",%progbits
 379              		.align	1
 380              		.syntax unified
 381              		.thumb
 382              		.thumb_func
 384              	Bootloader_WriteFlash:
 385              	.LVL30:
 386              	.LFB137:
 498:Core/Src/bootloader.c ****     HAL_StatusTypeDef status = HAL_OK;
 387              		.loc 1 498 1 is_stmt 1 view -0
 388              		.cfi_startproc
 389              		@ args = 0, pretend = 0, frame = 0
 390              		@ frame_needed = 0, uses_anonymous_args = 0
 498:Core/Src/bootloader.c ****     HAL_StatusTypeDef status = HAL_OK;
 391              		.loc 1 498 1 is_stmt 0 view .LVU111
 392 0000 2DE9F041 		push	{r4, r5, r6, r7, r8, lr}
 393              		.cfi_def_cfa_offset 24
 394              		.cfi_offset 4, -24
 395              		.cfi_offset 5, -20
 396              		.cfi_offset 6, -16
 397              		.cfi_offset 7, -12
 398              		.cfi_offset 8, -8
 399              		.cfi_offset 14, -4
 499:Core/Src/bootloader.c ****     uint32_t i;
ARM GAS  C:\Users\Ali\AppData\Local\Temp\ccdQfK6d.s 			page 21


 400              		.loc 1 499 5 is_stmt 1 view .LVU112
 401              	.LVL31:
 500:Core/Src/bootloader.c ****     uint64_t data64;
 402              		.loc 1 500 5 view .LVU113
 501:Core/Src/bootloader.c **** 
 403              		.loc 1 501 5 view .LVU114
 504:Core/Src/bootloader.c ****     {
 404              		.loc 1 504 5 view .LVU115
 504:Core/Src/bootloader.c ****     {
 405              		.loc 1 504 39 is_stmt 0 view .LVU116
 406 0004 00F17843 		add	r3, r0, #-134217728
 407 0008 A3F50043 		sub	r3, r3, #32768
 504:Core/Src/bootloader.c ****     {
 408              		.loc 1 504 8 view .LVU117
 409 000c B3F5503F 		cmp	r3, #212992
 410 0010 3DD2     		bcs	.L46
 411 0012 0646     		mov	r6, r0
 412 0014 0D46     		mov	r5, r1
 413 0016 1746     		mov	r7, r2
 511:Core/Src/bootloader.c ****     {
 414              		.loc 1 511 5 is_stmt 1 view .LVU118
 511:Core/Src/bootloader.c ****     {
 415              		.loc 1 511 18 is_stmt 0 view .LVU119
 416 0018 1318     		adds	r3, r2, r0
 511:Core/Src/bootloader.c ****     {
 417              		.loc 1 511 27 view .LVU120
 418 001a 013B     		subs	r3, r3, #1
 511:Core/Src/bootloader.c ****     {
 419              		.loc 1 511 8 view .LVU121
 420 001c 2D4A     		ldr	r2, .L50
 421              	.LVL32:
 511:Core/Src/bootloader.c ****     {
 422              		.loc 1 511 8 view .LVU122
 423 001e 9342     		cmp	r3, r2
 424 0020 3BD2     		bcs	.L47
 518:Core/Src/bootloader.c ****     {
 425              		.loc 1 518 5 is_stmt 1 view .LVU123
 518:Core/Src/bootloader.c ****     {
 426              		.loc 1 518 8 is_stmt 0 view .LVU124
 427 0022 17F0070F 		tst	r7, #7
 428 0026 3ED1     		bne	.L48
 525:Core/Src/bootloader.c ****     
 429              		.loc 1 525 5 is_stmt 1 view .LVU125
 430 0028 FFF7FEFF 		bl	HAL_FLASH_Unlock
 431              	.LVL33:
 528:Core/Src/bootloader.c ****     
 432              		.loc 1 528 5 view .LVU126
 528:Core/Src/bootloader.c ****     
 433              		.loc 1 528 5 view .LVU127
 528:Core/Src/bootloader.c ****     
 434              		.loc 1 528 5 discriminator 1 view .LVU128
 435 002c 2A4B     		ldr	r3, .L50+4
 436 002e 9A69     		ldr	r2, [r3, #24]
 437 0030 42F04042 		orr	r2, r2, #-1073741824
 438 0034 9A61     		str	r2, [r3, #24]
 528:Core/Src/bootloader.c ****     
 439              		.loc 1 528 5 discriminator 3 view .LVU129
ARM GAS  C:\Users\Ali\AppData\Local\Temp\ccdQfK6d.s 			page 22


 528:Core/Src/bootloader.c ****     
 440              		.loc 1 528 5 discriminator 4 view .LVU130
 441 0036 4CF2FA32 		movw	r2, #50170
 442 003a 1A61     		str	r2, [r3, #16]
 528:Core/Src/bootloader.c ****     
 443              		.loc 1 528 5 discriminator 6 view .LVU131
 531:Core/Src/bootloader.c ****     {
 444              		.loc 1 531 5 view .LVU132
 445              	.LVL34:
 531:Core/Src/bootloader.c ****     {
 446              		.loc 1 531 12 is_stmt 0 view .LVU133
 447 003c 0024     		movs	r4, #0
 499:Core/Src/bootloader.c ****     uint32_t i;
 448              		.loc 1 499 23 view .LVU134
 449 003e A046     		mov	r8, r4
 450              	.LVL35:
 451              	.L41:
 531:Core/Src/bootloader.c ****     {
 452              		.loc 1 531 19 is_stmt 1 discriminator 1 view .LVU135
 453 0040 A742     		cmp	r7, r4
 454 0042 36D9     		bls	.L42
 534:Core/Src/bootloader.c ****                  ((uint64_t)data[i + 1] << 8)  |
 455              		.loc 1 534 9 view .LVU136
 534:Core/Src/bootloader.c ****                  ((uint64_t)data[i + 1] << 8)  |
 456              		.loc 1 534 33 is_stmt 0 view .LVU137
 457 0044 2A5D     		ldrb	r2, [r5, r4]	@ zero_extendqisi2
 535:Core/Src/bootloader.c ****                  ((uint64_t)data[i + 2] << 16) |
 458              		.loc 1 535 33 view .LVU138
 459 0046 05EB040C 		add	ip, r5, r4
 460 004a 9CF80130 		ldrb	r3, [ip, #1]	@ zero_extendqisi2
 534:Core/Src/bootloader.c ****                  ((uint64_t)data[i + 1] << 8)  |
 461              		.loc 1 534 48 view .LVU139
 462 004e 42EA0322 		orr	r2, r2, r3, lsl #8
 536:Core/Src/bootloader.c ****                  ((uint64_t)data[i + 3] << 24) |
 463              		.loc 1 536 33 view .LVU140
 464 0052 9CF80230 		ldrb	r3, [ip, #2]	@ zero_extendqisi2
 535:Core/Src/bootloader.c ****                  ((uint64_t)data[i + 2] << 16) |
 465              		.loc 1 535 48 view .LVU141
 466 0056 42EA0342 		orr	r2, r2, r3, lsl #16
 537:Core/Src/bootloader.c ****                  ((uint64_t)data[i + 4] << 32) |
 467              		.loc 1 537 33 view .LVU142
 468 005a 9CF80300 		ldrb	r0, [ip, #3]	@ zero_extendqisi2
 537:Core/Src/bootloader.c ****                  ((uint64_t)data[i + 4] << 32) |
 469              		.loc 1 537 48 view .LVU143
 470 005e 9CF80430 		ldrb	r3, [ip, #4]	@ zero_extendqisi2
 539:Core/Src/bootloader.c ****                  ((uint64_t)data[i + 6] << 48) |
 471              		.loc 1 539 33 view .LVU144
 472 0062 9CF80510 		ldrb	r1, [ip, #5]	@ zero_extendqisi2
 538:Core/Src/bootloader.c ****                  ((uint64_t)data[i + 5] << 40) |
 473              		.loc 1 538 48 view .LVU145
 474 0066 43EA0123 		orr	r3, r3, r1, lsl #8
 540:Core/Src/bootloader.c ****                  ((uint64_t)data[i + 7] << 56);
 475              		.loc 1 540 33 view .LVU146
 476 006a 9CF80610 		ldrb	r1, [ip, #6]	@ zero_extendqisi2
 539:Core/Src/bootloader.c ****                  ((uint64_t)data[i + 6] << 48) |
 477              		.loc 1 539 48 view .LVU147
 478 006e 43EA0143 		orr	r3, r3, r1, lsl #16
ARM GAS  C:\Users\Ali\AppData\Local\Temp\ccdQfK6d.s 			page 23


 541:Core/Src/bootloader.c ****         
 479              		.loc 1 541 33 view .LVU148
 480 0072 9CF80710 		ldrb	r1, [ip, #7]	@ zero_extendqisi2
 481              	.LVL36:
 543:Core/Src/bootloader.c ****         
 482              		.loc 1 543 9 is_stmt 1 view .LVU149
 543:Core/Src/bootloader.c ****         
 483              		.loc 1 543 18 is_stmt 0 view .LVU150
 484 0076 42EA0062 		orr	r2, r2, r0, lsl #24
 485              	.LVL37:
 543:Core/Src/bootloader.c ****         
 486              		.loc 1 543 18 view .LVU151
 487 007a 43EA0163 		orr	r3, r3, r1, lsl #24
 488              	.LVL38:
 543:Core/Src/bootloader.c ****         
 489              		.loc 1 543 18 view .LVU152
 490 007e A119     		adds	r1, r4, r6
 491 0080 0020     		movs	r0, #0
 492 0082 FFF7FEFF 		bl	HAL_FLASH_Program
 493              	.LVL39:
 545:Core/Src/bootloader.c ****         {
 494              		.loc 1 545 9 is_stmt 1 view .LVU153
 545:Core/Src/bootloader.c ****         {
 495              		.loc 1 545 12 is_stmt 0 view .LVU154
 496 0086 8046     		mov	r8, r0
 497 0088 98B9     		cbnz	r0, .L42
 531:Core/Src/bootloader.c ****     {
 498              		.loc 1 531 31 is_stmt 1 discriminator 2 view .LVU155
 499 008a 0834     		adds	r4, r4, #8
 500              	.LVL40:
 531:Core/Src/bootloader.c ****     {
 501              		.loc 1 531 31 is_stmt 0 discriminator 2 view .LVU156
 502 008c D8E7     		b	.L41
 503              	.LVL41:
 504              	.L46:
 506:Core/Src/bootloader.c ****         return ERR_INVALID_ADDRESS;
 505              		.loc 1 506 9 is_stmt 1 view .LVU157
 506:Core/Src/bootloader.c ****         return ERR_INVALID_ADDRESS;
 506              		.loc 1 506 38 is_stmt 0 view .LVU158
 507 008e 4FF00208 		mov	r8, #2
 508 0092 124B     		ldr	r3, .L50+8
 509 0094 83F81080 		strb	r8, [r3, #16]
 507:Core/Src/bootloader.c ****     }
 510              		.loc 1 507 9 is_stmt 1 view .LVU159
 507:Core/Src/bootloader.c ****     }
 511              		.loc 1 507 16 is_stmt 0 view .LVU160
 512 0098 13E0     		b	.L38
 513              	.LVL42:
 514              	.L47:
 513:Core/Src/bootloader.c ****         return ERR_INVALID_ADDRESS;
 515              		.loc 1 513 9 is_stmt 1 view .LVU161
 513:Core/Src/bootloader.c ****         return ERR_INVALID_ADDRESS;
 516              		.loc 1 513 38 is_stmt 0 view .LVU162
 517 009a 4FF00208 		mov	r8, #2
 518 009e 0F4B     		ldr	r3, .L50+8
 519 00a0 83F81080 		strb	r8, [r3, #16]
 514:Core/Src/bootloader.c ****     }
ARM GAS  C:\Users\Ali\AppData\Local\Temp\ccdQfK6d.s 			page 24


 520              		.loc 1 514 9 is_stmt 1 view .LVU163
 514:Core/Src/bootloader.c ****     }
 521              		.loc 1 514 16 is_stmt 0 view .LVU164
 522 00a4 0DE0     		b	.L38
 523              	.L48:
 520:Core/Src/bootloader.c ****         return ERR_INVALID_DATA_LENGTH;
 524              		.loc 1 520 9 is_stmt 1 view .LVU165
 520:Core/Src/bootloader.c ****         return ERR_INVALID_DATA_LENGTH;
 525              		.loc 1 520 38 is_stmt 0 view .LVU166
 526 00a6 4FF00508 		mov	r8, #5
 527 00aa 0C4B     		ldr	r3, .L50+8
 528 00ac 83F81080 		strb	r8, [r3, #16]
 521:Core/Src/bootloader.c ****     }
 529              		.loc 1 521 9 is_stmt 1 view .LVU167
 521:Core/Src/bootloader.c ****     }
 530              		.loc 1 521 16 is_stmt 0 view .LVU168
 531 00b0 07E0     		b	.L38
 532              	.LVL43:
 533              	.L42:
 552:Core/Src/bootloader.c ****     
 534              		.loc 1 552 5 is_stmt 1 view .LVU169
 535 00b2 FFF7FEFF 		bl	HAL_FLASH_Lock
 536              	.LVL44:
 554:Core/Src/bootloader.c ****     {
 537              		.loc 1 554 5 view .LVU170
 554:Core/Src/bootloader.c ****     {
 538              		.loc 1 554 8 is_stmt 0 view .LVU171
 539 00b6 B8F1000F 		cmp	r8, #0
 540 00ba 05D1     		bne	.L49
 560:Core/Src/bootloader.c ****     return ERR_NONE;
 541              		.loc 1 560 5 is_stmt 1 view .LVU172
 560:Core/Src/bootloader.c ****     return ERR_NONE;
 542              		.loc 1 560 34 is_stmt 0 view .LVU173
 543 00bc 074B     		ldr	r3, .L50+8
 544 00be 0022     		movs	r2, #0
 545 00c0 1A74     		strb	r2, [r3, #16]
 561:Core/Src/bootloader.c **** }
 546              		.loc 1 561 5 is_stmt 1 view .LVU174
 547              	.LVL45:
 548              	.L38:
 562:Core/Src/bootloader.c **** 
 549              		.loc 1 562 1 is_stmt 0 view .LVU175
 550 00c2 4046     		mov	r0, r8
 551 00c4 BDE8F081 		pop	{r4, r5, r6, r7, r8, pc}
 552              	.LVL46:
 553              	.L49:
 556:Core/Src/bootloader.c ****         return ERR_FLASH_WRITE_FAILED;
 554              		.loc 1 556 9 is_stmt 1 view .LVU176
 556:Core/Src/bootloader.c ****         return ERR_FLASH_WRITE_FAILED;
 555              		.loc 1 556 38 is_stmt 0 view .LVU177
 556 00c8 4FF00408 		mov	r8, #4
 557              	.LVL47:
 556:Core/Src/bootloader.c ****         return ERR_FLASH_WRITE_FAILED;
 558              		.loc 1 556 38 view .LVU178
 559 00cc 034B     		ldr	r3, .L50+8
 560 00ce 83F81080 		strb	r8, [r3, #16]
 557:Core/Src/bootloader.c ****     }
ARM GAS  C:\Users\Ali\AppData\Local\Temp\ccdQfK6d.s 			page 25


 561              		.loc 1 557 9 is_stmt 1 view .LVU179
 557:Core/Src/bootloader.c ****     }
 562              		.loc 1 557 16 is_stmt 0 view .LVU180
 563 00d2 F6E7     		b	.L38
 564              	.L51:
 565              		.align	2
 566              	.L50:
 567 00d4 00C00308 		.word	134463488
 568 00d8 00200240 		.word	1073881088
 569 00dc 00000000 		.word	bootloader_status
 570              		.cfi_endproc
 571              	.LFE137:
 573              		.section	.text.Bootloader_DeInit,"ax",%progbits
 574              		.align	1
 575              		.syntax unified
 576              		.thumb
 577              		.thumb_func
 579              	Bootloader_DeInit:
 580              	.LFB140:
 626:Core/Src/bootloader.c ****     /* Turn off and de-initialize LED */
 581              		.loc 1 626 1 is_stmt 1 view -0
 582              		.cfi_startproc
 583              		@ args = 0, pretend = 0, frame = 0
 584              		@ frame_needed = 0, uses_anonymous_args = 0
 585 0000 10B5     		push	{r4, lr}
 586              		.cfi_def_cfa_offset 8
 587              		.cfi_offset 4, -8
 588              		.cfi_offset 14, -4
 628:Core/Src/bootloader.c ****     HAL_GPIO_DeInit(LED_PORT, LED_PIN);
 589              		.loc 1 628 5 view .LVU182
 590 0002 164C     		ldr	r4, .L54
 591 0004 0022     		movs	r2, #0
 592 0006 0821     		movs	r1, #8
 593 0008 2046     		mov	r0, r4
 594 000a FFF7FEFF 		bl	HAL_GPIO_WritePin
 595              	.LVL48:
 629:Core/Src/bootloader.c ****     
 596              		.loc 1 629 5 view .LVU183
 597 000e 0821     		movs	r1, #8
 598 0010 2046     		mov	r0, r4
 599 0012 FFF7FEFF 		bl	HAL_GPIO_DeInit
 600              	.LVL49:
 632:Core/Src/bootloader.c ****     HAL_CAN_Stop(hcan_bootloader);
 601              		.loc 1 632 5 view .LVU184
 602 0016 124C     		ldr	r4, .L54+4
 603 0018 0221     		movs	r1, #2
 604 001a 2068     		ldr	r0, [r4]
 605 001c FFF7FEFF 		bl	HAL_CAN_DeactivateNotification
 606              	.LVL50:
 633:Core/Src/bootloader.c ****     HAL_CAN_MspDeInit(hcan_bootloader);
 607              		.loc 1 633 5 view .LVU185
 608 0020 2068     		ldr	r0, [r4]
 609 0022 FFF7FEFF 		bl	HAL_CAN_Stop
 610              	.LVL51:
 634:Core/Src/bootloader.c ****     
 611              		.loc 1 634 5 view .LVU186
 612 0026 2068     		ldr	r0, [r4]
ARM GAS  C:\Users\Ali\AppData\Local\Temp\ccdQfK6d.s 			page 26


 613 0028 FFF7FEFF 		bl	HAL_CAN_MspDeInit
 614              	.LVL52:
 637:Core/Src/bootloader.c ****     SysTick->LOAD = 0;
 615              		.loc 1 637 5 view .LVU187
 637:Core/Src/bootloader.c ****     SysTick->LOAD = 0;
 616              		.loc 1 637 19 is_stmt 0 view .LVU188
 617 002c 4FF0E023 		mov	r3, #-536813568
 618 0030 0022     		movs	r2, #0
 619 0032 1A61     		str	r2, [r3, #16]
 638:Core/Src/bootloader.c ****     SysTick->VAL = 0;
 620              		.loc 1 638 5 is_stmt 1 view .LVU189
 638:Core/Src/bootloader.c ****     SysTick->VAL = 0;
 621              		.loc 1 638 19 is_stmt 0 view .LVU190
 622 0034 5A61     		str	r2, [r3, #20]
 639:Core/Src/bootloader.c ****     
 623              		.loc 1 639 5 is_stmt 1 view .LVU191
 639:Core/Src/bootloader.c ****     
 624              		.loc 1 639 18 is_stmt 0 view .LVU192
 625 0036 9A61     		str	r2, [r3, #24]
 642:Core/Src/bootloader.c ****     
 626              		.loc 1 642 5 is_stmt 1 view .LVU193
 627              	.LBB7:
 628              	.LBI7:
 629              		.file 2 "Drivers/CMSIS/Include/cmsis_gcc.h"
   1:Drivers/CMSIS/Include/cmsis_gcc.h **** /**************************************************************************//**
   2:Drivers/CMSIS/Include/cmsis_gcc.h ****  * @file     cmsis_gcc.h
   3:Drivers/CMSIS/Include/cmsis_gcc.h ****  * @brief    CMSIS compiler GCC header file
   4:Drivers/CMSIS/Include/cmsis_gcc.h ****  * @version  V5.2.0
   5:Drivers/CMSIS/Include/cmsis_gcc.h ****  * @date     08. May 2019
   6:Drivers/CMSIS/Include/cmsis_gcc.h ****  ******************************************************************************/
   7:Drivers/CMSIS/Include/cmsis_gcc.h **** /*
   8:Drivers/CMSIS/Include/cmsis_gcc.h ****  * Copyright (c) 2009-2019 Arm Limited. All rights reserved.
   9:Drivers/CMSIS/Include/cmsis_gcc.h ****  *
  10:Drivers/CMSIS/Include/cmsis_gcc.h ****  * SPDX-License-Identifier: Apache-2.0
  11:Drivers/CMSIS/Include/cmsis_gcc.h ****  *
  12:Drivers/CMSIS/Include/cmsis_gcc.h ****  * Licensed under the Apache License, Version 2.0 (the License); you may
  13:Drivers/CMSIS/Include/cmsis_gcc.h ****  * not use this file except in compliance with the License.
  14:Drivers/CMSIS/Include/cmsis_gcc.h ****  * You may obtain a copy of the License at
  15:Drivers/CMSIS/Include/cmsis_gcc.h ****  *
  16:Drivers/CMSIS/Include/cmsis_gcc.h ****  * www.apache.org/licenses/LICENSE-2.0
  17:Drivers/CMSIS/Include/cmsis_gcc.h ****  *
  18:Drivers/CMSIS/Include/cmsis_gcc.h ****  * Unless required by applicable law or agreed to in writing, software
  19:Drivers/CMSIS/Include/cmsis_gcc.h ****  * distributed under the License is distributed on an AS IS BASIS, WITHOUT
  20:Drivers/CMSIS/Include/cmsis_gcc.h ****  * WARRANTIES OR CONDITIONS OF ANY KIND, either express or implied.
  21:Drivers/CMSIS/Include/cmsis_gcc.h ****  * See the License for the specific language governing permissions and
  22:Drivers/CMSIS/Include/cmsis_gcc.h ****  * limitations under the License.
  23:Drivers/CMSIS/Include/cmsis_gcc.h ****  */
  24:Drivers/CMSIS/Include/cmsis_gcc.h **** 
  25:Drivers/CMSIS/Include/cmsis_gcc.h **** #ifndef __CMSIS_GCC_H
  26:Drivers/CMSIS/Include/cmsis_gcc.h **** #define __CMSIS_GCC_H
  27:Drivers/CMSIS/Include/cmsis_gcc.h **** 
  28:Drivers/CMSIS/Include/cmsis_gcc.h **** /* ignore some GCC warnings */
  29:Drivers/CMSIS/Include/cmsis_gcc.h **** #pragma GCC diagnostic push
  30:Drivers/CMSIS/Include/cmsis_gcc.h **** #pragma GCC diagnostic ignored "-Wsign-conversion"
  31:Drivers/CMSIS/Include/cmsis_gcc.h **** #pragma GCC diagnostic ignored "-Wconversion"
  32:Drivers/CMSIS/Include/cmsis_gcc.h **** #pragma GCC diagnostic ignored "-Wunused-parameter"
  33:Drivers/CMSIS/Include/cmsis_gcc.h **** 
ARM GAS  C:\Users\Ali\AppData\Local\Temp\ccdQfK6d.s 			page 27


  34:Drivers/CMSIS/Include/cmsis_gcc.h **** /* Fallback for __has_builtin */
  35:Drivers/CMSIS/Include/cmsis_gcc.h **** #ifndef __has_builtin
  36:Drivers/CMSIS/Include/cmsis_gcc.h ****   #define __has_builtin(x) (0)
  37:Drivers/CMSIS/Include/cmsis_gcc.h **** #endif
  38:Drivers/CMSIS/Include/cmsis_gcc.h **** 
  39:Drivers/CMSIS/Include/cmsis_gcc.h **** /* CMSIS compiler specific defines */
  40:Drivers/CMSIS/Include/cmsis_gcc.h **** #ifndef   __ASM
  41:Drivers/CMSIS/Include/cmsis_gcc.h ****   #define __ASM                                  __asm
  42:Drivers/CMSIS/Include/cmsis_gcc.h **** #endif
  43:Drivers/CMSIS/Include/cmsis_gcc.h **** #ifndef   __INLINE
  44:Drivers/CMSIS/Include/cmsis_gcc.h ****   #define __INLINE                               inline
  45:Drivers/CMSIS/Include/cmsis_gcc.h **** #endif
  46:Drivers/CMSIS/Include/cmsis_gcc.h **** #ifndef   __STATIC_INLINE
  47:Drivers/CMSIS/Include/cmsis_gcc.h ****   #define __STATIC_INLINE                        static inline
  48:Drivers/CMSIS/Include/cmsis_gcc.h **** #endif
  49:Drivers/CMSIS/Include/cmsis_gcc.h **** #ifndef   __STATIC_FORCEINLINE                 
  50:Drivers/CMSIS/Include/cmsis_gcc.h ****   #define __STATIC_FORCEINLINE                   __attribute__((always_inline)) static inline
  51:Drivers/CMSIS/Include/cmsis_gcc.h **** #endif                                           
  52:Drivers/CMSIS/Include/cmsis_gcc.h **** #ifndef   __NO_RETURN
  53:Drivers/CMSIS/Include/cmsis_gcc.h ****   #define __NO_RETURN                            __attribute__((__noreturn__))
  54:Drivers/CMSIS/Include/cmsis_gcc.h **** #endif
  55:Drivers/CMSIS/Include/cmsis_gcc.h **** #ifndef   __USED
  56:Drivers/CMSIS/Include/cmsis_gcc.h ****   #define __USED                                 __attribute__((used))
  57:Drivers/CMSIS/Include/cmsis_gcc.h **** #endif
  58:Drivers/CMSIS/Include/cmsis_gcc.h **** #ifndef   __WEAK
  59:Drivers/CMSIS/Include/cmsis_gcc.h ****   #define __WEAK                                 __attribute__((weak))
  60:Drivers/CMSIS/Include/cmsis_gcc.h **** #endif
  61:Drivers/CMSIS/Include/cmsis_gcc.h **** #ifndef   __PACKED
  62:Drivers/CMSIS/Include/cmsis_gcc.h ****   #define __PACKED                               __attribute__((packed, aligned(1)))
  63:Drivers/CMSIS/Include/cmsis_gcc.h **** #endif
  64:Drivers/CMSIS/Include/cmsis_gcc.h **** #ifndef   __PACKED_STRUCT
  65:Drivers/CMSIS/Include/cmsis_gcc.h ****   #define __PACKED_STRUCT                        struct __attribute__((packed, aligned(1)))
  66:Drivers/CMSIS/Include/cmsis_gcc.h **** #endif
  67:Drivers/CMSIS/Include/cmsis_gcc.h **** #ifndef   __PACKED_UNION
  68:Drivers/CMSIS/Include/cmsis_gcc.h ****   #define __PACKED_UNION                         union __attribute__((packed, aligned(1)))
  69:Drivers/CMSIS/Include/cmsis_gcc.h **** #endif
  70:Drivers/CMSIS/Include/cmsis_gcc.h **** #ifndef   __UNALIGNED_UINT32        /* deprecated */
  71:Drivers/CMSIS/Include/cmsis_gcc.h ****   #pragma GCC diagnostic push
  72:Drivers/CMSIS/Include/cmsis_gcc.h ****   #pragma GCC diagnostic ignored "-Wpacked"
  73:Drivers/CMSIS/Include/cmsis_gcc.h ****   #pragma GCC diagnostic ignored "-Wattributes"
  74:Drivers/CMSIS/Include/cmsis_gcc.h ****   struct __attribute__((packed)) T_UINT32 { uint32_t v; };
  75:Drivers/CMSIS/Include/cmsis_gcc.h ****   #pragma GCC diagnostic pop
  76:Drivers/CMSIS/Include/cmsis_gcc.h ****   #define __UNALIGNED_UINT32(x)                  (((struct T_UINT32 *)(x))->v)
  77:Drivers/CMSIS/Include/cmsis_gcc.h **** #endif
  78:Drivers/CMSIS/Include/cmsis_gcc.h **** #ifndef   __UNALIGNED_UINT16_WRITE
  79:Drivers/CMSIS/Include/cmsis_gcc.h ****   #pragma GCC diagnostic push
  80:Drivers/CMSIS/Include/cmsis_gcc.h ****   #pragma GCC diagnostic ignored "-Wpacked"
  81:Drivers/CMSIS/Include/cmsis_gcc.h ****   #pragma GCC diagnostic ignored "-Wattributes"
  82:Drivers/CMSIS/Include/cmsis_gcc.h ****   __PACKED_STRUCT T_UINT16_WRITE { uint16_t v; };
  83:Drivers/CMSIS/Include/cmsis_gcc.h ****   #pragma GCC diagnostic pop
  84:Drivers/CMSIS/Include/cmsis_gcc.h ****   #define __UNALIGNED_UINT16_WRITE(addr, val)    (void)((((struct T_UINT16_WRITE *)(void *)(addr))-
  85:Drivers/CMSIS/Include/cmsis_gcc.h **** #endif
  86:Drivers/CMSIS/Include/cmsis_gcc.h **** #ifndef   __UNALIGNED_UINT16_READ
  87:Drivers/CMSIS/Include/cmsis_gcc.h ****   #pragma GCC diagnostic push
  88:Drivers/CMSIS/Include/cmsis_gcc.h ****   #pragma GCC diagnostic ignored "-Wpacked"
  89:Drivers/CMSIS/Include/cmsis_gcc.h ****   #pragma GCC diagnostic ignored "-Wattributes"
  90:Drivers/CMSIS/Include/cmsis_gcc.h ****   __PACKED_STRUCT T_UINT16_READ { uint16_t v; };
ARM GAS  C:\Users\Ali\AppData\Local\Temp\ccdQfK6d.s 			page 28


  91:Drivers/CMSIS/Include/cmsis_gcc.h ****   #pragma GCC diagnostic pop
  92:Drivers/CMSIS/Include/cmsis_gcc.h ****   #define __UNALIGNED_UINT16_READ(addr)          (((const struct T_UINT16_READ *)(const void *)(add
  93:Drivers/CMSIS/Include/cmsis_gcc.h **** #endif
  94:Drivers/CMSIS/Include/cmsis_gcc.h **** #ifndef   __UNALIGNED_UINT32_WRITE
  95:Drivers/CMSIS/Include/cmsis_gcc.h ****   #pragma GCC diagnostic push
  96:Drivers/CMSIS/Include/cmsis_gcc.h ****   #pragma GCC diagnostic ignored "-Wpacked"
  97:Drivers/CMSIS/Include/cmsis_gcc.h ****   #pragma GCC diagnostic ignored "-Wattributes"
  98:Drivers/CMSIS/Include/cmsis_gcc.h ****   __PACKED_STRUCT T_UINT32_WRITE { uint32_t v; };
  99:Drivers/CMSIS/Include/cmsis_gcc.h ****   #pragma GCC diagnostic pop
 100:Drivers/CMSIS/Include/cmsis_gcc.h ****   #define __UNALIGNED_UINT32_WRITE(addr, val)    (void)((((struct T_UINT32_WRITE *)(void *)(addr))-
 101:Drivers/CMSIS/Include/cmsis_gcc.h **** #endif
 102:Drivers/CMSIS/Include/cmsis_gcc.h **** #ifndef   __UNALIGNED_UINT32_READ
 103:Drivers/CMSIS/Include/cmsis_gcc.h ****   #pragma GCC diagnostic push
 104:Drivers/CMSIS/Include/cmsis_gcc.h ****   #pragma GCC diagnostic ignored "-Wpacked"
 105:Drivers/CMSIS/Include/cmsis_gcc.h ****   #pragma GCC diagnostic ignored "-Wattributes"
 106:Drivers/CMSIS/Include/cmsis_gcc.h ****   __PACKED_STRUCT T_UINT32_READ { uint32_t v; };
 107:Drivers/CMSIS/Include/cmsis_gcc.h ****   #pragma GCC diagnostic pop
 108:Drivers/CMSIS/Include/cmsis_gcc.h ****   #define __UNALIGNED_UINT32_READ(addr)          (((const struct T_UINT32_READ *)(const void *)(add
 109:Drivers/CMSIS/Include/cmsis_gcc.h **** #endif
 110:Drivers/CMSIS/Include/cmsis_gcc.h **** #ifndef   __ALIGNED
 111:Drivers/CMSIS/Include/cmsis_gcc.h ****   #define __ALIGNED(x)                           __attribute__((aligned(x)))
 112:Drivers/CMSIS/Include/cmsis_gcc.h **** #endif
 113:Drivers/CMSIS/Include/cmsis_gcc.h **** #ifndef   __RESTRICT
 114:Drivers/CMSIS/Include/cmsis_gcc.h ****   #define __RESTRICT                             __restrict
 115:Drivers/CMSIS/Include/cmsis_gcc.h **** #endif
 116:Drivers/CMSIS/Include/cmsis_gcc.h **** #ifndef   __COMPILER_BARRIER
 117:Drivers/CMSIS/Include/cmsis_gcc.h ****   #define __COMPILER_BARRIER()                   __ASM volatile("":::"memory")
 118:Drivers/CMSIS/Include/cmsis_gcc.h **** #endif
 119:Drivers/CMSIS/Include/cmsis_gcc.h **** 
 120:Drivers/CMSIS/Include/cmsis_gcc.h **** /* #########################  Startup and Lowlevel Init  ######################## */
 121:Drivers/CMSIS/Include/cmsis_gcc.h **** 
 122:Drivers/CMSIS/Include/cmsis_gcc.h **** #ifndef __PROGRAM_START
 123:Drivers/CMSIS/Include/cmsis_gcc.h **** 
 124:Drivers/CMSIS/Include/cmsis_gcc.h **** /**
 125:Drivers/CMSIS/Include/cmsis_gcc.h ****   \brief   Initializes data and bss sections
 126:Drivers/CMSIS/Include/cmsis_gcc.h ****   \details This default implementations initialized all data and additional bss
 127:Drivers/CMSIS/Include/cmsis_gcc.h ****            sections relying on .copy.table and .zero.table specified properly
 128:Drivers/CMSIS/Include/cmsis_gcc.h ****            in the used linker script.
 129:Drivers/CMSIS/Include/cmsis_gcc.h ****   
 130:Drivers/CMSIS/Include/cmsis_gcc.h ****  */
 131:Drivers/CMSIS/Include/cmsis_gcc.h **** __STATIC_FORCEINLINE __NO_RETURN void __cmsis_start(void)
 132:Drivers/CMSIS/Include/cmsis_gcc.h **** {
 133:Drivers/CMSIS/Include/cmsis_gcc.h ****   extern void _start(void) __NO_RETURN;
 134:Drivers/CMSIS/Include/cmsis_gcc.h ****   
 135:Drivers/CMSIS/Include/cmsis_gcc.h ****   typedef struct {
 136:Drivers/CMSIS/Include/cmsis_gcc.h ****     uint32_t const* src;
 137:Drivers/CMSIS/Include/cmsis_gcc.h ****     uint32_t* dest;
 138:Drivers/CMSIS/Include/cmsis_gcc.h ****     uint32_t  wlen;
 139:Drivers/CMSIS/Include/cmsis_gcc.h ****   } __copy_table_t;
 140:Drivers/CMSIS/Include/cmsis_gcc.h ****   
 141:Drivers/CMSIS/Include/cmsis_gcc.h ****   typedef struct {
 142:Drivers/CMSIS/Include/cmsis_gcc.h ****     uint32_t* dest;
 143:Drivers/CMSIS/Include/cmsis_gcc.h ****     uint32_t  wlen;
 144:Drivers/CMSIS/Include/cmsis_gcc.h ****   } __zero_table_t;
 145:Drivers/CMSIS/Include/cmsis_gcc.h ****   
 146:Drivers/CMSIS/Include/cmsis_gcc.h ****   extern const __copy_table_t __copy_table_start__;
 147:Drivers/CMSIS/Include/cmsis_gcc.h ****   extern const __copy_table_t __copy_table_end__;
ARM GAS  C:\Users\Ali\AppData\Local\Temp\ccdQfK6d.s 			page 29


 148:Drivers/CMSIS/Include/cmsis_gcc.h ****   extern const __zero_table_t __zero_table_start__;
 149:Drivers/CMSIS/Include/cmsis_gcc.h ****   extern const __zero_table_t __zero_table_end__;
 150:Drivers/CMSIS/Include/cmsis_gcc.h **** 
 151:Drivers/CMSIS/Include/cmsis_gcc.h ****   for (__copy_table_t const* pTable = &__copy_table_start__; pTable < &__copy_table_end__; ++pTable
 152:Drivers/CMSIS/Include/cmsis_gcc.h ****     for(uint32_t i=0u; i<pTable->wlen; ++i) {
 153:Drivers/CMSIS/Include/cmsis_gcc.h ****       pTable->dest[i] = pTable->src[i];
 154:Drivers/CMSIS/Include/cmsis_gcc.h ****     }
 155:Drivers/CMSIS/Include/cmsis_gcc.h ****   }
 156:Drivers/CMSIS/Include/cmsis_gcc.h ****  
 157:Drivers/CMSIS/Include/cmsis_gcc.h ****   for (__zero_table_t const* pTable = &__zero_table_start__; pTable < &__zero_table_end__; ++pTable
 158:Drivers/CMSIS/Include/cmsis_gcc.h ****     for(uint32_t i=0u; i<pTable->wlen; ++i) {
 159:Drivers/CMSIS/Include/cmsis_gcc.h ****       pTable->dest[i] = 0u;
 160:Drivers/CMSIS/Include/cmsis_gcc.h ****     }
 161:Drivers/CMSIS/Include/cmsis_gcc.h ****   }
 162:Drivers/CMSIS/Include/cmsis_gcc.h ****  
 163:Drivers/CMSIS/Include/cmsis_gcc.h ****   _start();
 164:Drivers/CMSIS/Include/cmsis_gcc.h **** }
 165:Drivers/CMSIS/Include/cmsis_gcc.h ****   
 166:Drivers/CMSIS/Include/cmsis_gcc.h **** #define __PROGRAM_START           __cmsis_start
 167:Drivers/CMSIS/Include/cmsis_gcc.h **** #endif
 168:Drivers/CMSIS/Include/cmsis_gcc.h **** 
 169:Drivers/CMSIS/Include/cmsis_gcc.h **** #ifndef __INITIAL_SP
 170:Drivers/CMSIS/Include/cmsis_gcc.h **** #define __INITIAL_SP              __StackTop
 171:Drivers/CMSIS/Include/cmsis_gcc.h **** #endif
 172:Drivers/CMSIS/Include/cmsis_gcc.h **** 
 173:Drivers/CMSIS/Include/cmsis_gcc.h **** #ifndef __STACK_LIMIT
 174:Drivers/CMSIS/Include/cmsis_gcc.h **** #define __STACK_LIMIT             __StackLimit
 175:Drivers/CMSIS/Include/cmsis_gcc.h **** #endif
 176:Drivers/CMSIS/Include/cmsis_gcc.h **** 
 177:Drivers/CMSIS/Include/cmsis_gcc.h **** #ifndef __VECTOR_TABLE
 178:Drivers/CMSIS/Include/cmsis_gcc.h **** #define __VECTOR_TABLE            __Vectors
 179:Drivers/CMSIS/Include/cmsis_gcc.h **** #endif
 180:Drivers/CMSIS/Include/cmsis_gcc.h **** 
 181:Drivers/CMSIS/Include/cmsis_gcc.h **** #ifndef __VECTOR_TABLE_ATTRIBUTE
 182:Drivers/CMSIS/Include/cmsis_gcc.h **** #define __VECTOR_TABLE_ATTRIBUTE  __attribute((used, section(".vectors")))
 183:Drivers/CMSIS/Include/cmsis_gcc.h **** #endif
 184:Drivers/CMSIS/Include/cmsis_gcc.h **** 
 185:Drivers/CMSIS/Include/cmsis_gcc.h **** /* ###########################  Core Function Access  ########################### */
 186:Drivers/CMSIS/Include/cmsis_gcc.h **** /** \ingroup  CMSIS_Core_FunctionInterface
 187:Drivers/CMSIS/Include/cmsis_gcc.h ****     \defgroup CMSIS_Core_RegAccFunctions CMSIS Core Register Access Functions
 188:Drivers/CMSIS/Include/cmsis_gcc.h ****   @{
 189:Drivers/CMSIS/Include/cmsis_gcc.h ****  */
 190:Drivers/CMSIS/Include/cmsis_gcc.h **** 
 191:Drivers/CMSIS/Include/cmsis_gcc.h **** /**
 192:Drivers/CMSIS/Include/cmsis_gcc.h ****   \brief   Enable IRQ Interrupts
 193:Drivers/CMSIS/Include/cmsis_gcc.h ****   \details Enables IRQ interrupts by clearing the I-bit in the CPSR.
 194:Drivers/CMSIS/Include/cmsis_gcc.h ****            Can only be executed in Privileged modes.
 195:Drivers/CMSIS/Include/cmsis_gcc.h ****  */
 196:Drivers/CMSIS/Include/cmsis_gcc.h **** __STATIC_FORCEINLINE void __enable_irq(void)
 197:Drivers/CMSIS/Include/cmsis_gcc.h **** {
 198:Drivers/CMSIS/Include/cmsis_gcc.h ****   __ASM volatile ("cpsie i" : : : "memory");
 199:Drivers/CMSIS/Include/cmsis_gcc.h **** }
 200:Drivers/CMSIS/Include/cmsis_gcc.h **** 
 201:Drivers/CMSIS/Include/cmsis_gcc.h **** 
 202:Drivers/CMSIS/Include/cmsis_gcc.h **** /**
 203:Drivers/CMSIS/Include/cmsis_gcc.h ****   \brief   Disable IRQ Interrupts
 204:Drivers/CMSIS/Include/cmsis_gcc.h ****   \details Disables IRQ interrupts by setting the I-bit in the CPSR.
ARM GAS  C:\Users\Ali\AppData\Local\Temp\ccdQfK6d.s 			page 30


 205:Drivers/CMSIS/Include/cmsis_gcc.h ****            Can only be executed in Privileged modes.
 206:Drivers/CMSIS/Include/cmsis_gcc.h ****  */
 207:Drivers/CMSIS/Include/cmsis_gcc.h **** __STATIC_FORCEINLINE void __disable_irq(void)
 630              		.loc 2 207 27 view .LVU194
 631              	.LBB8:
 208:Drivers/CMSIS/Include/cmsis_gcc.h **** {
 209:Drivers/CMSIS/Include/cmsis_gcc.h ****   __ASM volatile ("cpsid i" : : : "memory");
 632              		.loc 2 209 3 view .LVU195
 633              		.syntax unified
 634              	@ 209 "Drivers/CMSIS/Include/cmsis_gcc.h" 1
 635 0038 72B6     		cpsid i
 636              	@ 0 "" 2
 637              		.thumb
 638              		.syntax unified
 639              	.LBE8:
 640              	.LBE7:
 645:Core/Src/bootloader.c ****     __HAL_RCC_GPIOB_CLK_DISABLE();
 641              		.loc 1 645 5 view .LVU196
 642 003a 03F1C043 		add	r3, r3, #1610612736
 643 003e 03F59833 		add	r3, r3, #77824
 644 0042 DA6C     		ldr	r2, [r3, #76]
 645 0044 22F00102 		bic	r2, r2, #1
 646 0048 DA64     		str	r2, [r3, #76]
 646:Core/Src/bootloader.c ****     __HAL_RCC_CAN1_CLK_DISABLE();
 647              		.loc 1 646 5 view .LVU197
 648 004a DA6C     		ldr	r2, [r3, #76]
 649 004c 22F00202 		bic	r2, r2, #2
 650 0050 DA64     		str	r2, [r3, #76]
 647:Core/Src/bootloader.c **** }
 651              		.loc 1 647 5 view .LVU198
 652 0052 9A6D     		ldr	r2, [r3, #88]
 653 0054 22F00072 		bic	r2, r2, #33554432
 654 0058 9A65     		str	r2, [r3, #88]
 648:Core/Src/bootloader.c **** 
 655              		.loc 1 648 1 is_stmt 0 view .LVU199
 656 005a 10BD     		pop	{r4, pc}
 657              	.L55:
 658              		.align	2
 659              	.L54:
 660 005c 00040048 		.word	1207960576
 661 0060 00000000 		.word	hcan_bootloader
 662              		.cfi_endproc
 663              	.LFE140:
 665              		.section	.text.Bootloader_CheckValidApplication,"ax",%progbits
 666              		.align	1
 667              		.global	Bootloader_CheckValidApplication
 668              		.syntax unified
 669              		.thumb
 670              		.thumb_func
 672              	Bootloader_CheckValidApplication:
 673              	.LFB139:
 602:Core/Src/bootloader.c ****     uint32_t stack_pointer = *(__IO uint32_t *)APPLICATION_ADDRESS;
 674              		.loc 1 602 1 is_stmt 1 view -0
 675              		.cfi_startproc
 676              		@ args = 0, pretend = 0, frame = 0
 677              		@ frame_needed = 0, uses_anonymous_args = 0
 678              		@ link register save eliminated.
ARM GAS  C:\Users\Ali\AppData\Local\Temp\ccdQfK6d.s 			page 31


 603:Core/Src/bootloader.c ****     uint32_t reset_handler = *(__IO uint32_t *)(APPLICATION_ADDRESS + 4);
 679              		.loc 1 603 5 view .LVU201
 603:Core/Src/bootloader.c ****     uint32_t reset_handler = *(__IO uint32_t *)(APPLICATION_ADDRESS + 4);
 680              		.loc 1 603 14 is_stmt 0 view .LVU202
 681 0000 094A     		ldr	r2, .L60
 682 0002 1368     		ldr	r3, [r2]
 683              	.LVL53:
 604:Core/Src/bootloader.c ****     
 684              		.loc 1 604 5 is_stmt 1 view .LVU203
 604:Core/Src/bootloader.c ****     
 685              		.loc 1 604 14 is_stmt 0 view .LVU204
 686 0004 5268     		ldr	r2, [r2, #4]
 687              	.LVL54:
 607:Core/Src/bootloader.c ****     {
 688              		.loc 1 607 5 is_stmt 1 view .LVU205
 607:Core/Src/bootloader.c ****     {
 689              		.loc 1 607 24 is_stmt 0 view .LVU206
 690 0006 6FF31303 		bfc	r3, #0, #20
 691              	.LVL55:
 607:Core/Src/bootloader.c ****     {
 692              		.loc 1 607 8 view .LVU207
 693 000a B3F1005F 		cmp	r3, #536870912
 694 000e 06D1     		bne	.L58
 613:Core/Src/bootloader.c ****     {
 695              		.loc 1 613 5 is_stmt 1 view .LVU208
 613:Core/Src/bootloader.c ****     {
 696              		.loc 1 613 52 is_stmt 0 view .LVU209
 697 0010 6FF35702 		bfc	r2, #1, #23
 698              	.LVL56:
 613:Core/Src/bootloader.c ****     {
 699              		.loc 1 613 8 view .LVU210
 700 0014 054B     		ldr	r3, .L60+4
 701 0016 9A42     		cmp	r2, r3
 702 0018 03D1     		bne	.L59
 618:Core/Src/bootloader.c **** }
 703              		.loc 1 618 12 view .LVU211
 704 001a 0120     		movs	r0, #1
 705 001c 7047     		bx	lr
 706              	.LVL57:
 707              	.L58:
 609:Core/Src/bootloader.c ****     }
 708              		.loc 1 609 16 view .LVU212
 709 001e 0020     		movs	r0, #0
 710 0020 7047     		bx	lr
 711              	.LVL58:
 712              	.L59:
 615:Core/Src/bootloader.c ****     }
 713              		.loc 1 615 16 view .LVU213
 714 0022 0020     		movs	r0, #0
 619:Core/Src/bootloader.c **** 
 715              		.loc 1 619 1 view .LVU214
 716 0024 7047     		bx	lr
 717              	.L61:
 718 0026 00BF     		.align	2
 719              	.L60:
 720 0028 00800008 		.word	134250496
 721 002c 01000008 		.word	134217729
ARM GAS  C:\Users\Ali\AppData\Local\Temp\ccdQfK6d.s 			page 32


 722              		.cfi_endproc
 723              	.LFE139:
 725              		.section	.text.Bootloader_SendCANMessage,"ax",%progbits
 726              		.align	1
 727              		.global	Bootloader_SendCANMessage
 728              		.syntax unified
 729              		.thumb
 730              		.thumb_func
 732              	Bootloader_SendCANMessage:
 733              	.LVL59:
 734              	.LFB145:
 667:Core/Src/bootloader.c **** 
 668:Core/Src/bootloader.c **** /**
 669:Core/Src/bootloader.c ****   * @brief  Jump to application
 670:Core/Src/bootloader.c ****   * @retval Error code (if returns, jump failed)
 671:Core/Src/bootloader.c ****   */
 672:Core/Src/bootloader.c **** uint8_t Bootloader_JumpToApplication(void)
 673:Core/Src/bootloader.c **** {
 674:Core/Src/bootloader.c ****     typedef void (*pFunction)(void);
 675:Core/Src/bootloader.c ****     pFunction jump_to_application;
 676:Core/Src/bootloader.c ****     uint32_t jump_address;
 677:Core/Src/bootloader.c ****     uint32_t app_stack_pointer;
 678:Core/Src/bootloader.c ****     uint8_t jump_info[8];
 679:Core/Src/bootloader.c ****     
 680:Core/Src/bootloader.c ****     /* Check if valid application exists */
 681:Core/Src/bootloader.c ****     if (!Bootloader_CheckValidApplication())
 682:Core/Src/bootloader.c ****     {
 683:Core/Src/bootloader.c ****         return ERR_NO_VALID_APP;
 684:Core/Src/bootloader.c ****     }
 685:Core/Src/bootloader.c ****     
 686:Core/Src/bootloader.c ****     /* Read application vector table */
 687:Core/Src/bootloader.c ****     app_stack_pointer = *(__IO uint32_t *)APPLICATION_ADDRESS;
 688:Core/Src/bootloader.c ****     jump_address = *(__IO uint32_t *)(APPLICATION_ADDRESS + 4);
 689:Core/Src/bootloader.c ****     
 690:Core/Src/bootloader.c ****     /* Send detailed jump information before jumping */
 691:Core/Src/bootloader.c ****     jump_info[0] = RESP_JUMP_INFO;
 692:Core/Src/bootloader.c ****     jump_info[1] = (app_stack_pointer >> 24) & 0xFF;  /* Stack pointer MSB */
 693:Core/Src/bootloader.c ****     jump_info[2] = (app_stack_pointer >> 16) & 0xFF;
 694:Core/Src/bootloader.c ****     jump_info[3] = (app_stack_pointer >> 8) & 0xFF;
 695:Core/Src/bootloader.c ****     jump_info[4] = app_stack_pointer & 0xFF;          /* Stack pointer LSB */
 696:Core/Src/bootloader.c ****     jump_info[5] = (jump_address >> 16) & 0xFF;       /* Reset vector high word */
 697:Core/Src/bootloader.c ****     jump_info[6] = (jump_address >> 8) & 0xFF;
 698:Core/Src/bootloader.c ****     jump_info[7] = jump_address & 0xFF;               /* Reset vector LSB */
 699:Core/Src/bootloader.c ****     
 700:Core/Src/bootloader.c ****     Bootloader_SendCANMessage(RESP_JUMP_INFO, jump_info, 8);
 701:Core/Src/bootloader.c ****     
 702:Core/Src/bootloader.c ****     /* Wait for CAN transmission to complete */
 703:Core/Src/bootloader.c ****     Bootloader_WaitForCANTransmission();
 704:Core/Src/bootloader.c ****     
 705:Core/Src/bootloader.c ****     bootloader_status.state = BL_STATE_JUMPING;
 706:Core/Src/bootloader.c ****     
 707:Core/Src/bootloader.c ****     /* De-initialize peripherals */
 708:Core/Src/bootloader.c ****     Bootloader_DeInit();
 709:Core/Src/bootloader.c ****     
 710:Core/Src/bootloader.c ****     /* Get the application stack pointer */
 711:Core/Src/bootloader.c ****     __set_MSP(app_stack_pointer);
 712:Core/Src/bootloader.c ****     
ARM GAS  C:\Users\Ali\AppData\Local\Temp\ccdQfK6d.s 			page 33


 713:Core/Src/bootloader.c ****     /* Cast to function pointer */
 714:Core/Src/bootloader.c ****     jump_to_application = (pFunction)jump_address;
 715:Core/Src/bootloader.c ****     
 716:Core/Src/bootloader.c ****     /* Relocate vector table */
 717:Core/Src/bootloader.c ****     SCB->VTOR = APPLICATION_ADDRESS;
 718:Core/Src/bootloader.c ****     
 719:Core/Src/bootloader.c ****     /* Jump to application */
 720:Core/Src/bootloader.c ****     jump_to_application();
 721:Core/Src/bootloader.c ****     
 722:Core/Src/bootloader.c ****     /* Should never reach here */
 723:Core/Src/bootloader.c ****     return ERR_NONE;
 724:Core/Src/bootloader.c **** }
 725:Core/Src/bootloader.c **** 
 726:Core/Src/bootloader.c **** /**
 727:Core/Src/bootloader.c ****   * @brief  Send ACK message
 728:Core/Src/bootloader.c ****   * @retval None
 729:Core/Src/bootloader.c ****   */
 730:Core/Src/bootloader.c **** static void Bootloader_SendACK(void)
 731:Core/Src/bootloader.c **** {
 732:Core/Src/bootloader.c ****     tx_data[0] = RESP_ACK;
 733:Core/Src/bootloader.c ****     tx_data[1] = bootloader_status.last_error;
 734:Core/Src/bootloader.c ****     Bootloader_SendCANMessage(RESP_ACK, tx_data, 2);
 735:Core/Src/bootloader.c **** }
 736:Core/Src/bootloader.c **** 
 737:Core/Src/bootloader.c **** /**
 738:Core/Src/bootloader.c ****   * @brief  Send NACK message
 739:Core/Src/bootloader.c ****   * @param  error_code: Error code to send
 740:Core/Src/bootloader.c ****   * @retval None
 741:Core/Src/bootloader.c ****   */
 742:Core/Src/bootloader.c **** static void Bootloader_SendNACK(uint8_t error_code)
 743:Core/Src/bootloader.c **** {
 744:Core/Src/bootloader.c ****     bootloader_status.last_error = error_code;
 745:Core/Src/bootloader.c ****     tx_data[0] = RESP_NACK;
 746:Core/Src/bootloader.c ****     tx_data[1] = error_code;
 747:Core/Src/bootloader.c ****     Bootloader_SendCANMessage(RESP_NACK, tx_data, 2);
 748:Core/Src/bootloader.c **** }
 749:Core/Src/bootloader.c **** 
 750:Core/Src/bootloader.c **** /**
 751:Core/Src/bootloader.c ****   * @brief  Send CAN message
 752:Core/Src/bootloader.c ****   * @param  cmd: Command/response byte
 753:Core/Src/bootloader.c ****   * @param  data: Pointer to data buffer
 754:Core/Src/bootloader.c ****   * @param  length: Data length
 755:Core/Src/bootloader.c ****   * @retval None
 756:Core/Src/bootloader.c ****   */
 757:Core/Src/bootloader.c **** void Bootloader_SendCANMessage(uint8_t cmd, uint8_t *data, uint8_t length)
 758:Core/Src/bootloader.c **** {
 735              		.loc 1 758 1 is_stmt 1 view -0
 736              		.cfi_startproc
 737              		@ args = 0, pretend = 0, frame = 8
 738              		@ frame_needed = 0, uses_anonymous_args = 0
 739              		.loc 1 758 1 is_stmt 0 view .LVU216
 740 0000 10B5     		push	{r4, lr}
 741              		.cfi_def_cfa_offset 8
 742              		.cfi_offset 4, -8
 743              		.cfi_offset 14, -4
 744 0002 82B0     		sub	sp, sp, #8
 745              		.cfi_def_cfa_offset 16
ARM GAS  C:\Users\Ali\AppData\Local\Temp\ccdQfK6d.s 			page 34


 759:Core/Src/bootloader.c ****     uint8_t i;
 746              		.loc 1 759 5 is_stmt 1 view .LVU217
 760:Core/Src/bootloader.c ****     uint8_t tx_buffer[8] = {0};
 747              		.loc 1 760 5 view .LVU218
 748              		.loc 1 760 13 is_stmt 0 view .LVU219
 749 0004 0023     		movs	r3, #0
 750 0006 0093     		str	r3, [sp]
 751 0008 0193     		str	r3, [sp, #4]
 761:Core/Src/bootloader.c ****     uint32_t timeout;
 752              		.loc 1 761 5 is_stmt 1 view .LVU220
 762:Core/Src/bootloader.c ****     
 763:Core/Src/bootloader.c ****     /* Copy data to TX buffer */
 764:Core/Src/bootloader.c ****     for (i = 0; i < length && i < 8; i++)
 753              		.loc 1 764 5 view .LVU221
 754              	.LVL60:
 755              		.loc 1 764 5 is_stmt 0 view .LVU222
 756 000a 07E0     		b	.L63
 757              	.LVL61:
 758              	.L65:
 765:Core/Src/bootloader.c ****     {
 766:Core/Src/bootloader.c ****         tx_buffer[i] = data[i];
 759              		.loc 1 766 9 is_stmt 1 view .LVU223
 760              		.loc 1 766 28 is_stmt 0 view .LVU224
 761 000c CC5C     		ldrb	r4, [r1, r3]	@ zero_extendqisi2
 762              		.loc 1 766 22 view .LVU225
 763 000e 03F10800 		add	r0, r3, #8
 764 0012 6844     		add	r0, sp, r0
 765 0014 00F8084C 		strb	r4, [r0, #-8]
 764:Core/Src/bootloader.c ****     {
 766              		.loc 1 764 39 is_stmt 1 discriminator 4 view .LVU226
 767 0018 0133     		adds	r3, r3, #1
 768              	.LVL62:
 764:Core/Src/bootloader.c ****     {
 769              		.loc 1 764 39 is_stmt 0 discriminator 4 view .LVU227
 770 001a DBB2     		uxtb	r3, r3
 771              	.LVL63:
 772              	.L63:
 764:Core/Src/bootloader.c ****     {
 773              		.loc 1 764 28 is_stmt 1 discriminator 1 view .LVU228
 774 001c 9342     		cmp	r3, r2
 775 001e 01D2     		bcs	.L64
 764:Core/Src/bootloader.c ****     {
 776              		.loc 1 764 28 is_stmt 0 discriminator 3 view .LVU229
 777 0020 072B     		cmp	r3, #7
 778 0022 F3D9     		bls	.L65
 779              	.L64:
 767:Core/Src/bootloader.c ****     }
 768:Core/Src/bootloader.c ****     
 769:Core/Src/bootloader.c ****     /* Set DLC */
 770:Core/Src/bootloader.c ****     tx_header.DLC = length;
 780              		.loc 1 770 5 is_stmt 1 view .LVU230
 781              		.loc 1 770 19 is_stmt 0 view .LVU231
 782 0024 0A4B     		ldr	r3, .L70
 783              	.LVL64:
 784              		.loc 1 770 19 view .LVU232
 785 0026 1A61     		str	r2, [r3, #16]
 771:Core/Src/bootloader.c ****     
ARM GAS  C:\Users\Ali\AppData\Local\Temp\ccdQfK6d.s 			page 35


 772:Core/Src/bootloader.c ****     /* Wait for a free TX mailbox (busy bus can stall all 3 mailboxes) */
 773:Core/Src/bootloader.c ****     timeout = 0;
 786              		.loc 1 773 5 is_stmt 1 view .LVU233
 787              	.LVL65:
 774:Core/Src/bootloader.c ****     while (HAL_CAN_GetTxMailboxesFreeLevel(hcan_bootloader) == 0 && timeout < 1000000)
 788              		.loc 1 774 5 view .LVU234
 773:Core/Src/bootloader.c ****     while (HAL_CAN_GetTxMailboxesFreeLevel(hcan_bootloader) == 0 && timeout < 1000000)
 789              		.loc 1 773 13 is_stmt 0 view .LVU235
 790 0028 0024     		movs	r4, #0
 791              		.loc 1 774 11 view .LVU236
 792 002a 00E0     		b	.L66
 793              	.LVL66:
 794              	.L68:
 775:Core/Src/bootloader.c ****     {
 776:Core/Src/bootloader.c ****         timeout++;
 795              		.loc 1 776 9 is_stmt 1 view .LVU237
 796              		.loc 1 776 16 is_stmt 0 view .LVU238
 797 002c 0134     		adds	r4, r4, #1
 798              	.LVL67:
 799              	.L66:
 774:Core/Src/bootloader.c ****     {
 800              		.loc 1 774 66 is_stmt 1 view .LVU239
 774:Core/Src/bootloader.c ****     {
 801              		.loc 1 774 12 is_stmt 0 view .LVU240
 802 002e 094B     		ldr	r3, .L70+4
 803 0030 1868     		ldr	r0, [r3]
 804 0032 FFF7FEFF 		bl	HAL_CAN_GetTxMailboxesFreeLevel
 805              	.LVL68:
 774:Core/Src/bootloader.c ****     {
 806              		.loc 1 774 66 discriminator 1 view .LVU241
 807 0036 10B9     		cbnz	r0, .L67
 808 0038 074B     		ldr	r3, .L70+8
 809 003a 9C42     		cmp	r4, r3
 810 003c F6D9     		bls	.L68
 811              	.L67:
 777:Core/Src/bootloader.c ****     }
 778:Core/Src/bootloader.c ****     
 779:Core/Src/bootloader.c ****     /* Send message */
 780:Core/Src/bootloader.c ****     HAL_CAN_AddTxMessage(hcan_bootloader, &tx_header, tx_buffer, &tx_mailbox);
 812              		.loc 1 780 5 is_stmt 1 view .LVU242
 813 003e 074B     		ldr	r3, .L70+12
 814 0040 6A46     		mov	r2, sp
 815 0042 0349     		ldr	r1, .L70
 816 0044 0348     		ldr	r0, .L70+4
 817 0046 0068     		ldr	r0, [r0]
 818 0048 FFF7FEFF 		bl	HAL_CAN_AddTxMessage
 819              	.LVL69:
 781:Core/Src/bootloader.c **** }
 820              		.loc 1 781 1 is_stmt 0 view .LVU243
 821 004c 02B0     		add	sp, sp, #8
 822              		.cfi_def_cfa_offset 8
 823              		@ sp needed
 824 004e 10BD     		pop	{r4, pc}
 825              	.LVL70:
 826              	.L71:
 827              		.loc 1 781 1 view .LVU244
 828              		.align	2
ARM GAS  C:\Users\Ali\AppData\Local\Temp\ccdQfK6d.s 			page 36


 829              	.L70:
 830 0050 00000000 		.word	tx_header
 831 0054 00000000 		.word	hcan_bootloader
 832 0058 3F420F00 		.word	999999
 833 005c 00000000 		.word	tx_mailbox
 834              		.cfi_endproc
 835              	.LFE145:
 837              		.section	.text.Bootloader_SendACK,"ax",%progbits
 838              		.align	1
 839              		.syntax unified
 840              		.thumb
 841              		.thumb_func
 843              	Bootloader_SendACK:
 844              	.LFB143:
 731:Core/Src/bootloader.c ****     tx_data[0] = RESP_ACK;
 845              		.loc 1 731 1 is_stmt 1 view -0
 846              		.cfi_startproc
 847              		@ args = 0, pretend = 0, frame = 0
 848              		@ frame_needed = 0, uses_anonymous_args = 0
 849 0000 08B5     		push	{r3, lr}
 850              		.cfi_def_cfa_offset 8
 851              		.cfi_offset 3, -8
 852              		.cfi_offset 14, -4
 732:Core/Src/bootloader.c ****     tx_data[1] = bootloader_status.last_error;
 853              		.loc 1 732 5 view .LVU246
 732:Core/Src/bootloader.c ****     tx_data[1] = bootloader_status.last_error;
 854              		.loc 1 732 16 is_stmt 0 view .LVU247
 855 0002 0549     		ldr	r1, .L74
 856 0004 1020     		movs	r0, #16
 857 0006 0870     		strb	r0, [r1]
 733:Core/Src/bootloader.c ****     Bootloader_SendCANMessage(RESP_ACK, tx_data, 2);
 858              		.loc 1 733 5 is_stmt 1 view .LVU248
 733:Core/Src/bootloader.c ****     Bootloader_SendCANMessage(RESP_ACK, tx_data, 2);
 859              		.loc 1 733 35 is_stmt 0 view .LVU249
 860 0008 044B     		ldr	r3, .L74+4
 861 000a 1B7C     		ldrb	r3, [r3, #16]	@ zero_extendqisi2
 733:Core/Src/bootloader.c ****     Bootloader_SendCANMessage(RESP_ACK, tx_data, 2);
 862              		.loc 1 733 16 view .LVU250
 863 000c 4B70     		strb	r3, [r1, #1]
 734:Core/Src/bootloader.c **** }
 864              		.loc 1 734 5 is_stmt 1 view .LVU251
 865 000e 0222     		movs	r2, #2
 866 0010 FFF7FEFF 		bl	Bootloader_SendCANMessage
 867              	.LVL71:
 735:Core/Src/bootloader.c **** 
 868              		.loc 1 735 1 is_stmt 0 view .LVU252
 869 0014 08BD     		pop	{r3, pc}
 870              	.L75:
 871 0016 00BF     		.align	2
 872              	.L74:
 873 0018 00000000 		.word	tx_data
 874 001c 00000000 		.word	bootloader_status
 875              		.cfi_endproc
 876              	.LFE143:
 878              		.section	.text.Bootloader_SendNACK,"ax",%progbits
 879              		.align	1
 880              		.syntax unified
ARM GAS  C:\Users\Ali\AppData\Local\Temp\ccdQfK6d.s 			page 37


 881              		.thumb
 882              		.thumb_func
 884              	Bootloader_SendNACK:
 885              	.LVL72:
 886              	.LFB144:
 743:Core/Src/bootloader.c ****     bootloader_status.last_error = error_code;
 887              		.loc 1 743 1 is_stmt 1 view -0
 888              		.cfi_startproc
 889              		@ args = 0, pretend = 0, frame = 0
 890              		@ frame_needed = 0, uses_anonymous_args = 0
 743:Core/Src/bootloader.c ****     bootloader_status.last_error = error_code;
 891              		.loc 1 743 1 is_stmt 0 view .LVU254
 892 0000 08B5     		push	{r3, lr}
 893              		.cfi_def_cfa_offset 8
 894              		.cfi_offset 3, -8
 895              		.cfi_offset 14, -4
 896 0002 0346     		mov	r3, r0
 744:Core/Src/bootloader.c ****     tx_data[0] = RESP_NACK;
 897              		.loc 1 744 5 is_stmt 1 view .LVU255
 744:Core/Src/bootloader.c ****     tx_data[0] = RESP_NACK;
 898              		.loc 1 744 34 is_stmt 0 view .LVU256
 899 0004 044A     		ldr	r2, .L78
 900 0006 1074     		strb	r0, [r2, #16]
 745:Core/Src/bootloader.c ****     tx_data[1] = error_code;
 901              		.loc 1 745 5 is_stmt 1 view .LVU257
 745:Core/Src/bootloader.c ****     tx_data[1] = error_code;
 902              		.loc 1 745 16 is_stmt 0 view .LVU258
 903 0008 0449     		ldr	r1, .L78+4
 904 000a 1120     		movs	r0, #17
 905              	.LVL73:
 745:Core/Src/bootloader.c ****     tx_data[1] = error_code;
 906              		.loc 1 745 16 view .LVU259
 907 000c 0870     		strb	r0, [r1]
 746:Core/Src/bootloader.c ****     Bootloader_SendCANMessage(RESP_NACK, tx_data, 2);
 908              		.loc 1 746 5 is_stmt 1 view .LVU260
 746:Core/Src/bootloader.c ****     Bootloader_SendCANMessage(RESP_NACK, tx_data, 2);
 909              		.loc 1 746 16 is_stmt 0 view .LVU261
 910 000e 4B70     		strb	r3, [r1, #1]
 747:Core/Src/bootloader.c **** }
 911              		.loc 1 747 5 is_stmt 1 view .LVU262
 912 0010 0222     		movs	r2, #2
 747:Core/Src/bootloader.c **** }
 913              		.loc 1 747 5 is_stmt 0 view .LVU263
 914 0012 FFF7FEFF 		bl	Bootloader_SendCANMessage
 915              	.LVL74:
 748:Core/Src/bootloader.c **** 
 916              		.loc 1 748 1 view .LVU264
 917 0016 08BD     		pop	{r3, pc}
 918              	.L79:
 919              		.align	2
 920              	.L78:
 921 0018 00000000 		.word	bootloader_status
 922 001c 00000000 		.word	tx_data
 923              		.cfi_endproc
 924              	.LFE144:
 926              		.section	.text.Bootloader_JumpToApplication,"ax",%progbits
 927              		.align	1
ARM GAS  C:\Users\Ali\AppData\Local\Temp\ccdQfK6d.s 			page 38


 928              		.global	Bootloader_JumpToApplication
 929              		.syntax unified
 930              		.thumb
 931              		.thumb_func
 933              	Bootloader_JumpToApplication:
 934              	.LFB142:
 673:Core/Src/bootloader.c ****     typedef void (*pFunction)(void);
 935              		.loc 1 673 1 is_stmt 1 view -0
 936              		.cfi_startproc
 937              		@ args = 0, pretend = 0, frame = 8
 938              		@ frame_needed = 0, uses_anonymous_args = 0
 939 0000 70B5     		push	{r4, r5, r6, lr}
 940              		.cfi_def_cfa_offset 16
 941              		.cfi_offset 4, -16
 942              		.cfi_offset 5, -12
 943              		.cfi_offset 6, -8
 944              		.cfi_offset 14, -4
 945 0002 82B0     		sub	sp, sp, #8
 946              		.cfi_def_cfa_offset 24
 674:Core/Src/bootloader.c ****     pFunction jump_to_application;
 947              		.loc 1 674 5 view .LVU266
 675:Core/Src/bootloader.c ****     uint32_t jump_address;
 948              		.loc 1 675 5 view .LVU267
 676:Core/Src/bootloader.c ****     uint32_t app_stack_pointer;
 949              		.loc 1 676 5 view .LVU268
 677:Core/Src/bootloader.c ****     uint8_t jump_info[8];
 950              		.loc 1 677 5 view .LVU269
 678:Core/Src/bootloader.c ****     
 951              		.loc 1 678 5 view .LVU270
 681:Core/Src/bootloader.c ****     {
 952              		.loc 1 681 5 view .LVU271
 681:Core/Src/bootloader.c ****     {
 953              		.loc 1 681 10 is_stmt 0 view .LVU272
 954 0004 FFF7FEFF 		bl	Bootloader_CheckValidApplication
 955              	.LVL75:
 681:Core/Src/bootloader.c ****     {
 956              		.loc 1 681 8 discriminator 1 view .LVU273
 957 0008 58B3     		cbz	r0, .L82
 687:Core/Src/bootloader.c ****     jump_address = *(__IO uint32_t *)(APPLICATION_ADDRESS + 4);
 958              		.loc 1 687 5 is_stmt 1 view .LVU274
 687:Core/Src/bootloader.c ****     jump_address = *(__IO uint32_t *)(APPLICATION_ADDRESS + 4);
 959              		.loc 1 687 23 is_stmt 0 view .LVU275
 960 000a 174E     		ldr	r6, .L84
 961 000c 3468     		ldr	r4, [r6]
 962              	.LVL76:
 688:Core/Src/bootloader.c ****     
 963              		.loc 1 688 5 is_stmt 1 view .LVU276
 688:Core/Src/bootloader.c ****     
 964              		.loc 1 688 18 is_stmt 0 view .LVU277
 965 000e 7568     		ldr	r5, [r6, #4]
 966              	.LVL77:
 691:Core/Src/bootloader.c ****     jump_info[1] = (app_stack_pointer >> 24) & 0xFF;  /* Stack pointer MSB */
 967              		.loc 1 691 5 is_stmt 1 view .LVU278
 691:Core/Src/bootloader.c ****     jump_info[1] = (app_stack_pointer >> 24) & 0xFF;  /* Stack pointer MSB */
 968              		.loc 1 691 18 is_stmt 0 view .LVU279
 969 0010 1620     		movs	r0, #22
 970 0012 8DF80000 		strb	r0, [sp]
ARM GAS  C:\Users\Ali\AppData\Local\Temp\ccdQfK6d.s 			page 39


 692:Core/Src/bootloader.c ****     jump_info[2] = (app_stack_pointer >> 16) & 0xFF;
 971              		.loc 1 692 5 is_stmt 1 view .LVU280
 692:Core/Src/bootloader.c ****     jump_info[2] = (app_stack_pointer >> 16) & 0xFF;
 972              		.loc 1 692 39 is_stmt 0 view .LVU281
 973 0016 230E     		lsrs	r3, r4, #24
 692:Core/Src/bootloader.c ****     jump_info[2] = (app_stack_pointer >> 16) & 0xFF;
 974              		.loc 1 692 18 view .LVU282
 975 0018 8DF80130 		strb	r3, [sp, #1]
 693:Core/Src/bootloader.c ****     jump_info[3] = (app_stack_pointer >> 8) & 0xFF;
 976              		.loc 1 693 5 is_stmt 1 view .LVU283
 693:Core/Src/bootloader.c ****     jump_info[3] = (app_stack_pointer >> 8) & 0xFF;
 977              		.loc 1 693 39 is_stmt 0 view .LVU284
 978 001c 230C     		lsrs	r3, r4, #16
 693:Core/Src/bootloader.c ****     jump_info[3] = (app_stack_pointer >> 8) & 0xFF;
 979              		.loc 1 693 18 view .LVU285
 980 001e 8DF80230 		strb	r3, [sp, #2]
 694:Core/Src/bootloader.c ****     jump_info[4] = app_stack_pointer & 0xFF;          /* Stack pointer LSB */
 981              		.loc 1 694 5 is_stmt 1 view .LVU286
 694:Core/Src/bootloader.c ****     jump_info[4] = app_stack_pointer & 0xFF;          /* Stack pointer LSB */
 982              		.loc 1 694 39 is_stmt 0 view .LVU287
 983 0022 230A     		lsrs	r3, r4, #8
 694:Core/Src/bootloader.c ****     jump_info[4] = app_stack_pointer & 0xFF;          /* Stack pointer LSB */
 984              		.loc 1 694 18 view .LVU288
 985 0024 8DF80330 		strb	r3, [sp, #3]
 695:Core/Src/bootloader.c ****     jump_info[5] = (jump_address >> 16) & 0xFF;       /* Reset vector high word */
 986              		.loc 1 695 5 is_stmt 1 view .LVU289
 695:Core/Src/bootloader.c ****     jump_info[5] = (jump_address >> 16) & 0xFF;       /* Reset vector high word */
 987              		.loc 1 695 18 is_stmt 0 view .LVU290
 988 0028 8DF80440 		strb	r4, [sp, #4]
 696:Core/Src/bootloader.c ****     jump_info[6] = (jump_address >> 8) & 0xFF;
 989              		.loc 1 696 5 is_stmt 1 view .LVU291
 696:Core/Src/bootloader.c ****     jump_info[6] = (jump_address >> 8) & 0xFF;
 990              		.loc 1 696 34 is_stmt 0 view .LVU292
 991 002c 2B0C     		lsrs	r3, r5, #16
 696:Core/Src/bootloader.c ****     jump_info[6] = (jump_address >> 8) & 0xFF;
 992              		.loc 1 696 18 view .LVU293
 993 002e 8DF80530 		strb	r3, [sp, #5]
 697:Core/Src/bootloader.c ****     jump_info[7] = jump_address & 0xFF;               /* Reset vector LSB */
 994              		.loc 1 697 5 is_stmt 1 view .LVU294
 697:Core/Src/bootloader.c ****     jump_info[7] = jump_address & 0xFF;               /* Reset vector LSB */
 995              		.loc 1 697 34 is_stmt 0 view .LVU295
 996 0032 2B0A     		lsrs	r3, r5, #8
 697:Core/Src/bootloader.c ****     jump_info[7] = jump_address & 0xFF;               /* Reset vector LSB */
 997              		.loc 1 697 18 view .LVU296
 998 0034 8DF80630 		strb	r3, [sp, #6]
 698:Core/Src/bootloader.c ****     
 999              		.loc 1 698 5 is_stmt 1 view .LVU297
 698:Core/Src/bootloader.c ****     
 1000              		.loc 1 698 18 is_stmt 0 view .LVU298
 1001 0038 8DF80750 		strb	r5, [sp, #7]
 700:Core/Src/bootloader.c ****     
 1002              		.loc 1 700 5 is_stmt 1 view .LVU299
 1003 003c 0822     		movs	r2, #8
 1004 003e 6946     		mov	r1, sp
 1005 0040 FFF7FEFF 		bl	Bootloader_SendCANMessage
 1006              	.LVL78:
 703:Core/Src/bootloader.c ****     
ARM GAS  C:\Users\Ali\AppData\Local\Temp\ccdQfK6d.s 			page 40


 1007              		.loc 1 703 5 view .LVU300
 1008 0044 FFF7FEFF 		bl	Bootloader_WaitForCANTransmission
 1009              	.LVL79:
 705:Core/Src/bootloader.c ****     
 1010              		.loc 1 705 5 view .LVU301
 705:Core/Src/bootloader.c ****     
 1011              		.loc 1 705 29 is_stmt 0 view .LVU302
 1012 0048 084B     		ldr	r3, .L84+4
 1013 004a 0522     		movs	r2, #5
 1014 004c 1A70     		strb	r2, [r3]
 708:Core/Src/bootloader.c ****     
 1015              		.loc 1 708 5 is_stmt 1 view .LVU303
 1016 004e FFF7FEFF 		bl	Bootloader_DeInit
 1017              	.LVL80:
 711:Core/Src/bootloader.c ****     
 1018              		.loc 1 711 5 view .LVU304
 1019              	.LBB9:
 1020              	.LBI9:
 210:Drivers/CMSIS/Include/cmsis_gcc.h **** }
 211:Drivers/CMSIS/Include/cmsis_gcc.h **** 
 212:Drivers/CMSIS/Include/cmsis_gcc.h **** 
 213:Drivers/CMSIS/Include/cmsis_gcc.h **** /**
 214:Drivers/CMSIS/Include/cmsis_gcc.h ****   \brief   Get Control Register
 215:Drivers/CMSIS/Include/cmsis_gcc.h ****   \details Returns the content of the Control Register.
 216:Drivers/CMSIS/Include/cmsis_gcc.h ****   \return               Control Register value
 217:Drivers/CMSIS/Include/cmsis_gcc.h ****  */
 218:Drivers/CMSIS/Include/cmsis_gcc.h **** __STATIC_FORCEINLINE uint32_t __get_CONTROL(void)
 219:Drivers/CMSIS/Include/cmsis_gcc.h **** {
 220:Drivers/CMSIS/Include/cmsis_gcc.h ****   uint32_t result;
 221:Drivers/CMSIS/Include/cmsis_gcc.h **** 
 222:Drivers/CMSIS/Include/cmsis_gcc.h ****   __ASM volatile ("MRS %0, control" : "=r" (result) );
 223:Drivers/CMSIS/Include/cmsis_gcc.h ****   return(result);
 224:Drivers/CMSIS/Include/cmsis_gcc.h **** }
 225:Drivers/CMSIS/Include/cmsis_gcc.h **** 
 226:Drivers/CMSIS/Include/cmsis_gcc.h **** 
 227:Drivers/CMSIS/Include/cmsis_gcc.h **** #if (defined (__ARM_FEATURE_CMSE ) && (__ARM_FEATURE_CMSE == 3))
 228:Drivers/CMSIS/Include/cmsis_gcc.h **** /**
 229:Drivers/CMSIS/Include/cmsis_gcc.h ****   \brief   Get Control Register (non-secure)
 230:Drivers/CMSIS/Include/cmsis_gcc.h ****   \details Returns the content of the non-secure Control Register when in secure mode.
 231:Drivers/CMSIS/Include/cmsis_gcc.h ****   \return               non-secure Control Register value
 232:Drivers/CMSIS/Include/cmsis_gcc.h ****  */
 233:Drivers/CMSIS/Include/cmsis_gcc.h **** __STATIC_FORCEINLINE uint32_t __TZ_get_CONTROL_NS(void)
 234:Drivers/CMSIS/Include/cmsis_gcc.h **** {
 235:Drivers/CMSIS/Include/cmsis_gcc.h ****   uint32_t result;
 236:Drivers/CMSIS/Include/cmsis_gcc.h **** 
 237:Drivers/CMSIS/Include/cmsis_gcc.h ****   __ASM volatile ("MRS %0, control_ns" : "=r" (result) );
 238:Drivers/CMSIS/Include/cmsis_gcc.h ****   return(result);
 239:Drivers/CMSIS/Include/cmsis_gcc.h **** }
 240:Drivers/CMSIS/Include/cmsis_gcc.h **** #endif
 241:Drivers/CMSIS/Include/cmsis_gcc.h **** 
 242:Drivers/CMSIS/Include/cmsis_gcc.h **** 
 243:Drivers/CMSIS/Include/cmsis_gcc.h **** /**
 244:Drivers/CMSIS/Include/cmsis_gcc.h ****   \brief   Set Control Register
 245:Drivers/CMSIS/Include/cmsis_gcc.h ****   \details Writes the given value to the Control Register.
 246:Drivers/CMSIS/Include/cmsis_gcc.h ****   \param [in]    control  Control Register value to set
 247:Drivers/CMSIS/Include/cmsis_gcc.h ****  */
 248:Drivers/CMSIS/Include/cmsis_gcc.h **** __STATIC_FORCEINLINE void __set_CONTROL(uint32_t control)
ARM GAS  C:\Users\Ali\AppData\Local\Temp\ccdQfK6d.s 			page 41


 249:Drivers/CMSIS/Include/cmsis_gcc.h **** {
 250:Drivers/CMSIS/Include/cmsis_gcc.h ****   __ASM volatile ("MSR control, %0" : : "r" (control) : "memory");
 251:Drivers/CMSIS/Include/cmsis_gcc.h **** }
 252:Drivers/CMSIS/Include/cmsis_gcc.h **** 
 253:Drivers/CMSIS/Include/cmsis_gcc.h **** 
 254:Drivers/CMSIS/Include/cmsis_gcc.h **** #if (defined (__ARM_FEATURE_CMSE ) && (__ARM_FEATURE_CMSE == 3))
 255:Drivers/CMSIS/Include/cmsis_gcc.h **** /**
 256:Drivers/CMSIS/Include/cmsis_gcc.h ****   \brief   Set Control Register (non-secure)
 257:Drivers/CMSIS/Include/cmsis_gcc.h ****   \details Writes the given value to the non-secure Control Register when in secure state.
 258:Drivers/CMSIS/Include/cmsis_gcc.h ****   \param [in]    control  Control Register value to set
 259:Drivers/CMSIS/Include/cmsis_gcc.h ****  */
 260:Drivers/CMSIS/Include/cmsis_gcc.h **** __STATIC_FORCEINLINE void __TZ_set_CONTROL_NS(uint32_t control)
 261:Drivers/CMSIS/Include/cmsis_gcc.h **** {
 262:Drivers/CMSIS/Include/cmsis_gcc.h ****   __ASM volatile ("MSR control_ns, %0" : : "r" (control) : "memory");
 263:Drivers/CMSIS/Include/cmsis_gcc.h **** }
 264:Drivers/CMSIS/Include/cmsis_gcc.h **** #endif
 265:Drivers/CMSIS/Include/cmsis_gcc.h **** 
 266:Drivers/CMSIS/Include/cmsis_gcc.h **** 
 267:Drivers/CMSIS/Include/cmsis_gcc.h **** /**
 268:Drivers/CMSIS/Include/cmsis_gcc.h ****   \brief   Get IPSR Register
 269:Drivers/CMSIS/Include/cmsis_gcc.h ****   \details Returns the content of the IPSR Register.
 270:Drivers/CMSIS/Include/cmsis_gcc.h ****   \return               IPSR Register value
 271:Drivers/CMSIS/Include/cmsis_gcc.h ****  */
 272:Drivers/CMSIS/Include/cmsis_gcc.h **** __STATIC_FORCEINLINE uint32_t __get_IPSR(void)
 273:Drivers/CMSIS/Include/cmsis_gcc.h **** {
 274:Drivers/CMSIS/Include/cmsis_gcc.h ****   uint32_t result;
 275:Drivers/CMSIS/Include/cmsis_gcc.h **** 
 276:Drivers/CMSIS/Include/cmsis_gcc.h ****   __ASM volatile ("MRS %0, ipsr" : "=r" (result) );
 277:Drivers/CMSIS/Include/cmsis_gcc.h ****   return(result);
 278:Drivers/CMSIS/Include/cmsis_gcc.h **** }
 279:Drivers/CMSIS/Include/cmsis_gcc.h **** 
 280:Drivers/CMSIS/Include/cmsis_gcc.h **** 
 281:Drivers/CMSIS/Include/cmsis_gcc.h **** /**
 282:Drivers/CMSIS/Include/cmsis_gcc.h ****   \brief   Get APSR Register
 283:Drivers/CMSIS/Include/cmsis_gcc.h ****   \details Returns the content of the APSR Register.
 284:Drivers/CMSIS/Include/cmsis_gcc.h ****   \return               APSR Register value
 285:Drivers/CMSIS/Include/cmsis_gcc.h ****  */
 286:Drivers/CMSIS/Include/cmsis_gcc.h **** __STATIC_FORCEINLINE uint32_t __get_APSR(void)
 287:Drivers/CMSIS/Include/cmsis_gcc.h **** {
 288:Drivers/CMSIS/Include/cmsis_gcc.h ****   uint32_t result;
 289:Drivers/CMSIS/Include/cmsis_gcc.h **** 
 290:Drivers/CMSIS/Include/cmsis_gcc.h ****   __ASM volatile ("MRS %0, apsr" : "=r" (result) );
 291:Drivers/CMSIS/Include/cmsis_gcc.h ****   return(result);
 292:Drivers/CMSIS/Include/cmsis_gcc.h **** }
 293:Drivers/CMSIS/Include/cmsis_gcc.h **** 
 294:Drivers/CMSIS/Include/cmsis_gcc.h **** 
 295:Drivers/CMSIS/Include/cmsis_gcc.h **** /**
 296:Drivers/CMSIS/Include/cmsis_gcc.h ****   \brief   Get xPSR Register
 297:Drivers/CMSIS/Include/cmsis_gcc.h ****   \details Returns the content of the xPSR Register.
 298:Drivers/CMSIS/Include/cmsis_gcc.h ****   \return               xPSR Register value
 299:Drivers/CMSIS/Include/cmsis_gcc.h ****  */
 300:Drivers/CMSIS/Include/cmsis_gcc.h **** __STATIC_FORCEINLINE uint32_t __get_xPSR(void)
 301:Drivers/CMSIS/Include/cmsis_gcc.h **** {
 302:Drivers/CMSIS/Include/cmsis_gcc.h ****   uint32_t result;
 303:Drivers/CMSIS/Include/cmsis_gcc.h **** 
 304:Drivers/CMSIS/Include/cmsis_gcc.h ****   __ASM volatile ("MRS %0, xpsr" : "=r" (result) );
 305:Drivers/CMSIS/Include/cmsis_gcc.h ****   return(result);
ARM GAS  C:\Users\Ali\AppData\Local\Temp\ccdQfK6d.s 			page 42


 306:Drivers/CMSIS/Include/cmsis_gcc.h **** }
 307:Drivers/CMSIS/Include/cmsis_gcc.h **** 
 308:Drivers/CMSIS/Include/cmsis_gcc.h **** 
 309:Drivers/CMSIS/Include/cmsis_gcc.h **** /**
 310:Drivers/CMSIS/Include/cmsis_gcc.h ****   \brief   Get Process Stack Pointer
 311:Drivers/CMSIS/Include/cmsis_gcc.h ****   \details Returns the current value of the Process Stack Pointer (PSP).
 312:Drivers/CMSIS/Include/cmsis_gcc.h ****   \return               PSP Register value
 313:Drivers/CMSIS/Include/cmsis_gcc.h ****  */
 314:Drivers/CMSIS/Include/cmsis_gcc.h **** __STATIC_FORCEINLINE uint32_t __get_PSP(void)
 315:Drivers/CMSIS/Include/cmsis_gcc.h **** {
 316:Drivers/CMSIS/Include/cmsis_gcc.h ****   uint32_t result;
 317:Drivers/CMSIS/Include/cmsis_gcc.h **** 
 318:Drivers/CMSIS/Include/cmsis_gcc.h ****   __ASM volatile ("MRS %0, psp"  : "=r" (result) );
 319:Drivers/CMSIS/Include/cmsis_gcc.h ****   return(result);
 320:Drivers/CMSIS/Include/cmsis_gcc.h **** }
 321:Drivers/CMSIS/Include/cmsis_gcc.h **** 
 322:Drivers/CMSIS/Include/cmsis_gcc.h **** 
 323:Drivers/CMSIS/Include/cmsis_gcc.h **** #if (defined (__ARM_FEATURE_CMSE ) && (__ARM_FEATURE_CMSE == 3))
 324:Drivers/CMSIS/Include/cmsis_gcc.h **** /**
 325:Drivers/CMSIS/Include/cmsis_gcc.h ****   \brief   Get Process Stack Pointer (non-secure)
 326:Drivers/CMSIS/Include/cmsis_gcc.h ****   \details Returns the current value of the non-secure Process Stack Pointer (PSP) when in secure s
 327:Drivers/CMSIS/Include/cmsis_gcc.h ****   \return               PSP Register value
 328:Drivers/CMSIS/Include/cmsis_gcc.h ****  */
 329:Drivers/CMSIS/Include/cmsis_gcc.h **** __STATIC_FORCEINLINE uint32_t __TZ_get_PSP_NS(void)
 330:Drivers/CMSIS/Include/cmsis_gcc.h **** {
 331:Drivers/CMSIS/Include/cmsis_gcc.h ****   uint32_t result;
 332:Drivers/CMSIS/Include/cmsis_gcc.h **** 
 333:Drivers/CMSIS/Include/cmsis_gcc.h ****   __ASM volatile ("MRS %0, psp_ns"  : "=r" (result) );
 334:Drivers/CMSIS/Include/cmsis_gcc.h ****   return(result);
 335:Drivers/CMSIS/Include/cmsis_gcc.h **** }
 336:Drivers/CMSIS/Include/cmsis_gcc.h **** #endif
 337:Drivers/CMSIS/Include/cmsis_gcc.h **** 
 338:Drivers/CMSIS/Include/cmsis_gcc.h **** 
 339:Drivers/CMSIS/Include/cmsis_gcc.h **** /**
 340:Drivers/CMSIS/Include/cmsis_gcc.h ****   \brief   Set Process Stack Pointer
 341:Drivers/CMSIS/Include/cmsis_gcc.h ****   \details Assigns the given value to the Process Stack Pointer (PSP).
 342:Drivers/CMSIS/Include/cmsis_gcc.h ****   \param [in]    topOfProcStack  Process Stack Pointer value to set
 343:Drivers/CMSIS/Include/cmsis_gcc.h ****  */
 344:Drivers/CMSIS/Include/cmsis_gcc.h **** __STATIC_FORCEINLINE void __set_PSP(uint32_t topOfProcStack)
 345:Drivers/CMSIS/Include/cmsis_gcc.h **** {
 346:Drivers/CMSIS/Include/cmsis_gcc.h ****   __ASM volatile ("MSR psp, %0" : : "r" (topOfProcStack) : );
 347:Drivers/CMSIS/Include/cmsis_gcc.h **** }
 348:Drivers/CMSIS/Include/cmsis_gcc.h **** 
 349:Drivers/CMSIS/Include/cmsis_gcc.h **** 
 350:Drivers/CMSIS/Include/cmsis_gcc.h **** #if (defined (__ARM_FEATURE_CMSE ) && (__ARM_FEATURE_CMSE == 3))
 351:Drivers/CMSIS/Include/cmsis_gcc.h **** /**
 352:Drivers/CMSIS/Include/cmsis_gcc.h ****   \brief   Set Process Stack Pointer (non-secure)
 353:Drivers/CMSIS/Include/cmsis_gcc.h ****   \details Assigns the given value to the non-secure Process Stack Pointer (PSP) when in secure sta
 354:Drivers/CMSIS/Include/cmsis_gcc.h ****   \param [in]    topOfProcStack  Process Stack Pointer value to set
 355:Drivers/CMSIS/Include/cmsis_gcc.h ****  */
 356:Drivers/CMSIS/Include/cmsis_gcc.h **** __STATIC_FORCEINLINE void __TZ_set_PSP_NS(uint32_t topOfProcStack)
 357:Drivers/CMSIS/Include/cmsis_gcc.h **** {
 358:Drivers/CMSIS/Include/cmsis_gcc.h ****   __ASM volatile ("MSR psp_ns, %0" : : "r" (topOfProcStack) : );
 359:Drivers/CMSIS/Include/cmsis_gcc.h **** }
 360:Drivers/CMSIS/Include/cmsis_gcc.h **** #endif
 361:Drivers/CMSIS/Include/cmsis_gcc.h **** 
 362:Drivers/CMSIS/Include/cmsis_gcc.h **** 
ARM GAS  C:\Users\Ali\AppData\Local\Temp\ccdQfK6d.s 			page 43


 363:Drivers/CMSIS/Include/cmsis_gcc.h **** /**
 364:Drivers/CMSIS/Include/cmsis_gcc.h ****   \brief   Get Main Stack Pointer
 365:Drivers/CMSIS/Include/cmsis_gcc.h ****   \details Returns the current value of the Main Stack Pointer (MSP).
 366:Drivers/CMSIS/Include/cmsis_gcc.h ****   \return               MSP Register value
 367:Drivers/CMSIS/Include/cmsis_gcc.h ****  */
 368:Drivers/CMSIS/Include/cmsis_gcc.h **** __STATIC_FORCEINLINE uint32_t __get_MSP(void)
 369:Drivers/CMSIS/Include/cmsis_gcc.h **** {
 370:Drivers/CMSIS/Include/cmsis_gcc.h ****   uint32_t result;
 371:Drivers/CMSIS/Include/cmsis_gcc.h **** 
 372:Drivers/CMSIS/Include/cmsis_gcc.h ****   __ASM volatile ("MRS %0, msp" : "=r" (result) );
 373:Drivers/CMSIS/Include/cmsis_gcc.h ****   return(result);
 374:Drivers/CMSIS/Include/cmsis_gcc.h **** }
 375:Drivers/CMSIS/Include/cmsis_gcc.h **** 
 376:Drivers/CMSIS/Include/cmsis_gcc.h **** 
 377:Drivers/CMSIS/Include/cmsis_gcc.h **** #if (defined (__ARM_FEATURE_CMSE ) && (__ARM_FEATURE_CMSE == 3))
 378:Drivers/CMSIS/Include/cmsis_gcc.h **** /**
 379:Drivers/CMSIS/Include/cmsis_gcc.h ****   \brief   Get Main Stack Pointer (non-secure)
 380:Drivers/CMSIS/Include/cmsis_gcc.h ****   \details Returns the current value of the non-secure Main Stack Pointer (MSP) when in secure stat
 381:Drivers/CMSIS/Include/cmsis_gcc.h ****   \return               MSP Register value
 382:Drivers/CMSIS/Include/cmsis_gcc.h ****  */
 383:Drivers/CMSIS/Include/cmsis_gcc.h **** __STATIC_FORCEINLINE uint32_t __TZ_get_MSP_NS(void)
 384:Drivers/CMSIS/Include/cmsis_gcc.h **** {
 385:Drivers/CMSIS/Include/cmsis_gcc.h ****   uint32_t result;
 386:Drivers/CMSIS/Include/cmsis_gcc.h **** 
 387:Drivers/CMSIS/Include/cmsis_gcc.h ****   __ASM volatile ("MRS %0, msp_ns" : "=r" (result) );
 388:Drivers/CMSIS/Include/cmsis_gcc.h ****   return(result);
 389:Drivers/CMSIS/Include/cmsis_gcc.h **** }
 390:Drivers/CMSIS/Include/cmsis_gcc.h **** #endif
 391:Drivers/CMSIS/Include/cmsis_gcc.h **** 
 392:Drivers/CMSIS/Include/cmsis_gcc.h **** 
 393:Drivers/CMSIS/Include/cmsis_gcc.h **** /**
 394:Drivers/CMSIS/Include/cmsis_gcc.h ****   \brief   Set Main Stack Pointer
 395:Drivers/CMSIS/Include/cmsis_gcc.h ****   \details Assigns the given value to the Main Stack Pointer (MSP).
 396:Drivers/CMSIS/Include/cmsis_gcc.h ****   \param [in]    topOfMainStack  Main Stack Pointer value to set
 397:Drivers/CMSIS/Include/cmsis_gcc.h ****  */
 398:Drivers/CMSIS/Include/cmsis_gcc.h **** __STATIC_FORCEINLINE void __set_MSP(uint32_t topOfMainStack)
 1021              		.loc 2 398 27 view .LVU305
 1022              	.LBB10:
 399:Drivers/CMSIS/Include/cmsis_gcc.h **** {
 400:Drivers/CMSIS/Include/cmsis_gcc.h ****   __ASM volatile ("MSR msp, %0" : : "r" (topOfMainStack) : );
 1023              		.loc 2 400 3 view .LVU306
 1024              		.syntax unified
 1025              	@ 400 "Drivers/CMSIS/Include/cmsis_gcc.h" 1
 1026 0052 84F30888 		MSR msp, r4
 1027              	@ 0 "" 2
 1028              	.LVL81:
 1029              		.loc 2 400 3 is_stmt 0 view .LVU307
 1030              		.thumb
 1031              		.syntax unified
 1032              	.LBE10:
 1033              	.LBE9:
 714:Core/Src/bootloader.c ****     
 1034              		.loc 1 714 5 is_stmt 1 view .LVU308
 717:Core/Src/bootloader.c ****     
 1035              		.loc 1 717 5 view .LVU309
 717:Core/Src/bootloader.c ****     
 1036              		.loc 1 717 15 is_stmt 0 view .LVU310
ARM GAS  C:\Users\Ali\AppData\Local\Temp\ccdQfK6d.s 			page 44


 1037 0056 064B     		ldr	r3, .L84+8
 1038 0058 9E60     		str	r6, [r3, #8]
 720:Core/Src/bootloader.c ****     
 1039              		.loc 1 720 5 is_stmt 1 view .LVU311
 1040 005a A847     		blx	r5
 1041              	.LVL82:
 723:Core/Src/bootloader.c **** }
 1042              		.loc 1 723 5 view .LVU312
 723:Core/Src/bootloader.c **** }
 1043              		.loc 1 723 12 is_stmt 0 view .LVU313
 1044 005c 0020     		movs	r0, #0
 1045              	.LVL83:
 1046              	.L81:
 724:Core/Src/bootloader.c **** 
 1047              		.loc 1 724 1 view .LVU314
 1048 005e 02B0     		add	sp, sp, #8
 1049              		.cfi_remember_state
 1050              		.cfi_def_cfa_offset 16
 1051              		@ sp needed
 1052 0060 70BD     		pop	{r4, r5, r6, pc}
 1053              	.L82:
 1054              		.cfi_restore_state
 683:Core/Src/bootloader.c ****     }
 1055              		.loc 1 683 16 view .LVU315
 1056 0062 0620     		movs	r0, #6
 1057 0064 FBE7     		b	.L81
 1058              	.L85:
 1059 0066 00BF     		.align	2
 1060              	.L84:
 1061 0068 00800008 		.word	134250496
 1062 006c 00000000 		.word	bootloader_status
 1063 0070 00ED00E0 		.word	-536810240
 1064              		.cfi_endproc
 1065              	.LFE142:
 1067              		.section	.text.Bootloader_SetApplicationValidFlag,"ax",%progbits
 1068              		.align	1
 1069              		.global	Bootloader_SetApplicationValidFlag
 1070              		.syntax unified
 1071              		.thumb
 1072              		.thumb_func
 1074              	Bootloader_SetApplicationValidFlag:
 1075              	.LFB146:
 782:Core/Src/bootloader.c **** 
 783:Core/Src/bootloader.c **** /**
 784:Core/Src/bootloader.c ****   * @brief  Set application valid flag in flash
 785:Core/Src/bootloader.c ****   * @retval ERR_NONE if successful, error code otherwise
 786:Core/Src/bootloader.c ****   */
 787:Core/Src/bootloader.c **** uint8_t Bootloader_SetApplicationValidFlag(void)
 788:Core/Src/bootloader.c **** {
 1076              		.loc 1 788 1 is_stmt 1 view -0
 1077              		.cfi_startproc
 1078              		@ args = 0, pretend = 0, frame = 32
 1079              		@ frame_needed = 0, uses_anonymous_args = 0
 1080 0000 10B5     		push	{r4, lr}
 1081              		.cfi_def_cfa_offset 8
 1082              		.cfi_offset 4, -8
 1083              		.cfi_offset 14, -4
ARM GAS  C:\Users\Ali\AppData\Local\Temp\ccdQfK6d.s 			page 45


 1084 0002 88B0     		sub	sp, sp, #32
 1085              		.cfi_def_cfa_offset 40
 789:Core/Src/bootloader.c ****     HAL_StatusTypeDef status;
 1086              		.loc 1 789 5 view .LVU317
 790:Core/Src/bootloader.c ****     uint32_t magic_data[2];
 1087              		.loc 1 790 5 view .LVU318
 791:Core/Src/bootloader.c ****     
 792:Core/Src/bootloader.c ****     magic_data[0] = APP_VALID_MAGIC_NUMBER;
 1088              		.loc 1 792 5 view .LVU319
 1089              		.loc 1 792 19 is_stmt 0 view .LVU320
 1090 0004 164B     		ldr	r3, .L93+8
 1091 0006 0693     		str	r3, [sp, #24]
 793:Core/Src/bootloader.c ****     magic_data[1] = APP_VALID_FLAG_COMPLEMENT;
 1092              		.loc 1 793 5 is_stmt 1 view .LVU321
 1093              		.loc 1 793 19 is_stmt 0 view .LVU322
 1094 0008 164B     		ldr	r3, .L93+12
 1095 000a 0793     		str	r3, [sp, #28]
 794:Core/Src/bootloader.c ****     
 795:Core/Src/bootloader.c ****     /* Unlock flash */
 796:Core/Src/bootloader.c ****     HAL_FLASH_Unlock();
 1096              		.loc 1 796 5 is_stmt 1 view .LVU323
 1097 000c FFF7FEFF 		bl	HAL_FLASH_Unlock
 1098              	.LVL84:
 797:Core/Src/bootloader.c ****     
 798:Core/Src/bootloader.c ****     /* Erase the page containing the flag (Page 15 - last page of bootloader) */
 799:Core/Src/bootloader.c ****     FLASH_EraseInitTypeDef erase_init;
 1099              		.loc 1 799 5 view .LVU324
 800:Core/Src/bootloader.c ****     uint32_t page_error;
 1100              		.loc 1 800 5 view .LVU325
 801:Core/Src/bootloader.c ****     
 802:Core/Src/bootloader.c ****     erase_init.TypeErase = FLASH_TYPEERASE_PAGES;
 1101              		.loc 1 802 5 view .LVU326
 1102              		.loc 1 802 26 is_stmt 0 view .LVU327
 1103 0010 0023     		movs	r3, #0
 1104 0012 0293     		str	r3, [sp, #8]
 803:Core/Src/bootloader.c ****     erase_init.Page = (APP_VALID_FLAG_ADDRESS - 0x08000000) / FLASH_PAGE_SIZE;  /* Page 15: contain
 1105              		.loc 1 803 5 is_stmt 1 view .LVU328
 1106              		.loc 1 803 21 is_stmt 0 view .LVU329
 1107 0014 0F23     		movs	r3, #15
 1108 0016 0493     		str	r3, [sp, #16]
 804:Core/Src/bootloader.c ****     erase_init.NbPages = 1;
 1109              		.loc 1 804 5 is_stmt 1 view .LVU330
 1110              		.loc 1 804 24 is_stmt 0 view .LVU331
 1111 0018 0123     		movs	r3, #1
 1112 001a 0593     		str	r3, [sp, #20]
 805:Core/Src/bootloader.c ****     
 806:Core/Src/bootloader.c ****     status = HAL_FLASHEx_Erase(&erase_init, &page_error);
 1113              		.loc 1 806 5 is_stmt 1 view .LVU332
 1114              		.loc 1 806 14 is_stmt 0 view .LVU333
 1115 001c 01A9     		add	r1, sp, #4
 1116 001e 02A8     		add	r0, sp, #8
 1117 0020 FFF7FEFF 		bl	HAL_FLASHEx_Erase
 1118              	.LVL85:
 807:Core/Src/bootloader.c ****     if (status != HAL_OK)
 1119              		.loc 1 807 5 is_stmt 1 view .LVU334
 1120              		.loc 1 807 8 is_stmt 0 view .LVU335
 1121 0024 68B9     		cbnz	r0, .L91
ARM GAS  C:\Users\Ali\AppData\Local\Temp\ccdQfK6d.s 			page 46


 808:Core/Src/bootloader.c ****     {
 809:Core/Src/bootloader.c ****         HAL_FLASH_Lock();
 810:Core/Src/bootloader.c ****         return ERR_FLASH_ERASE_FAILED;
 811:Core/Src/bootloader.c ****     }
 812:Core/Src/bootloader.c ****     
 813:Core/Src/bootloader.c ****     /* Write magic number (first 4 bytes) */
 814:Core/Src/bootloader.c ****     status = HAL_FLASH_Program(FLASH_TYPEPROGRAM_DOUBLEWORD, APP_VALID_FLAG_ADDRESS, 
 1122              		.loc 1 814 5 is_stmt 1 view .LVU336
 1123              		.loc 1 814 14 is_stmt 0 view .LVU337
 1124 0026 0CA3     		adr	r3, .L93
 1125 0028 D3E90023 		ldrd	r2, [r3]
 1126 002c 0E49     		ldr	r1, .L93+16
 1127 002e 0020     		movs	r0, #0
 1128              	.LVL86:
 1129              		.loc 1 814 14 view .LVU338
 1130 0030 FFF7FEFF 		bl	HAL_FLASH_Program
 1131              	.LVL87:
 815:Core/Src/bootloader.c ****                                 *((uint64_t*)magic_data));
 816:Core/Src/bootloader.c ****     
 817:Core/Src/bootloader.c ****     if (status != HAL_OK)
 1132              		.loc 1 817 5 is_stmt 1 view .LVU339
 1133              		.loc 1 817 8 is_stmt 0 view .LVU340
 1134 0034 0446     		mov	r4, r0
 1135 0036 40B9     		cbnz	r0, .L92
 818:Core/Src/bootloader.c ****     {
 819:Core/Src/bootloader.c ****         HAL_FLASH_Lock();
 820:Core/Src/bootloader.c ****         return ERR_FLASH_WRITE_FAILED;
 821:Core/Src/bootloader.c ****     }
 822:Core/Src/bootloader.c ****     
 823:Core/Src/bootloader.c ****     /* Lock flash */
 824:Core/Src/bootloader.c ****     HAL_FLASH_Lock();
 1136              		.loc 1 824 5 is_stmt 1 view .LVU341
 1137 0038 FFF7FEFF 		bl	HAL_FLASH_Lock
 1138              	.LVL88:
 825:Core/Src/bootloader.c ****     
 826:Core/Src/bootloader.c ****     return ERR_NONE;
 1139              		.loc 1 826 5 view .LVU342
 1140              	.L88:
 827:Core/Src/bootloader.c **** }
 1141              		.loc 1 827 1 is_stmt 0 view .LVU343
 1142 003c 2046     		mov	r0, r4
 1143 003e 08B0     		add	sp, sp, #32
 1144              		.cfi_remember_state
 1145              		.cfi_def_cfa_offset 8
 1146              		@ sp needed
 1147 0040 10BD     		pop	{r4, pc}
 1148              	.LVL89:
 1149              	.L91:
 1150              		.cfi_restore_state
 809:Core/Src/bootloader.c ****         return ERR_FLASH_ERASE_FAILED;
 1151              		.loc 1 809 9 is_stmt 1 view .LVU344
 1152 0042 FFF7FEFF 		bl	HAL_FLASH_Lock
 1153              	.LVL90:
 810:Core/Src/bootloader.c ****     }
 1154              		.loc 1 810 9 view .LVU345
 810:Core/Src/bootloader.c ****     }
 1155              		.loc 1 810 16 is_stmt 0 view .LVU346
ARM GAS  C:\Users\Ali\AppData\Local\Temp\ccdQfK6d.s 			page 47


 1156 0046 0324     		movs	r4, #3
 1157 0048 F8E7     		b	.L88
 1158              	.LVL91:
 1159              	.L92:
 819:Core/Src/bootloader.c ****         return ERR_FLASH_WRITE_FAILED;
 1160              		.loc 1 819 9 is_stmt 1 view .LVU347
 1161 004a FFF7FEFF 		bl	HAL_FLASH_Lock
 1162              	.LVL92:
 820:Core/Src/bootloader.c ****     }
 1163              		.loc 1 820 9 view .LVU348
 820:Core/Src/bootloader.c ****     }
 1164              		.loc 1 820 16 is_stmt 0 view .LVU349
 1165 004e 0424     		movs	r4, #4
 1166              	.LVL93:
 820:Core/Src/bootloader.c ****     }
 1167              		.loc 1 820 16 view .LVU350
 1168 0050 F4E7     		b	.L88
 1169              	.L94:
 1170 0052 00BFAFF3 		.align	3
 1170      0080
 1171              	.L93:
 1172 0058 EFBEADDE 		.word	-559038737
 1173 005c 10415221 		.word	559038736
 1174 0060 EFBEADDE 		.word	-559038737
 1175 0064 10415221 		.word	559038736
 1176 0068 F87F0008 		.word	134250488
 1177              		.cfi_endproc
 1178              	.LFE146:
 1180              		.section	.text.Bootloader_CheckApplicationValidFlag,"ax",%progbits
 1181              		.align	1
 1182              		.global	Bootloader_CheckApplicationValidFlag
 1183              		.syntax unified
 1184              		.thumb
 1185              		.thumb_func
 1187              	Bootloader_CheckApplicationValidFlag:
 1188              	.LFB147:
 828:Core/Src/bootloader.c **** 
 829:Core/Src/bootloader.c **** /**
 830:Core/Src/bootloader.c ****   * @brief  Check if application valid flag is set
 831:Core/Src/bootloader.c ****   * @retval 1 if valid, 0 if not valid
 832:Core/Src/bootloader.c ****   */
 833:Core/Src/bootloader.c **** uint8_t Bootloader_CheckApplicationValidFlag(void)
 834:Core/Src/bootloader.c **** {
 1189              		.loc 1 834 1 is_stmt 1 view -0
 1190              		.cfi_startproc
 1191              		@ args = 0, pretend = 0, frame = 0
 1192              		@ frame_needed = 0, uses_anonymous_args = 0
 1193              		@ link register save eliminated.
 835:Core/Src/bootloader.c ****     uint32_t *flag_ptr = (uint32_t *)APP_VALID_FLAG_ADDRESS;
 1194              		.loc 1 835 5 view .LVU352
 1195              	.LVL94:
 836:Core/Src/bootloader.c ****     
 837:Core/Src/bootloader.c ****     /* Check if both magic number and complement are present */
 838:Core/Src/bootloader.c ****     if (flag_ptr[0] == APP_VALID_MAGIC_NUMBER && 
 1196              		.loc 1 838 5 view .LVU353
 1197              		.loc 1 838 17 is_stmt 0 view .LVU354
 1198 0000 084B     		ldr	r3, .L100
ARM GAS  C:\Users\Ali\AppData\Local\Temp\ccdQfK6d.s 			page 48


 1199 0002 D3F8F82F 		ldr	r2, [r3, #4088]
 1200              		.loc 1 838 8 view .LVU355
 1201 0006 084B     		ldr	r3, .L100+4
 1202 0008 9A42     		cmp	r2, r3
 1203 000a 01D0     		beq	.L99
 839:Core/Src/bootloader.c ****         flag_ptr[1] == APP_VALID_FLAG_COMPLEMENT)
 840:Core/Src/bootloader.c ****     {
 841:Core/Src/bootloader.c ****         return 1;  /* Valid flag found */
 842:Core/Src/bootloader.c ****     }
 843:Core/Src/bootloader.c ****     
 844:Core/Src/bootloader.c ****     return 0;  /* No valid flag */
 1204              		.loc 1 844 12 view .LVU356
 1205 000c 0020     		movs	r0, #0
 1206 000e 7047     		bx	lr
 1207              	.L99:
 839:Core/Src/bootloader.c ****         flag_ptr[1] == APP_VALID_FLAG_COMPLEMENT)
 1208              		.loc 1 839 17 view .LVU357
 1209 0010 044B     		ldr	r3, .L100
 1210 0012 D3F8FC2F 		ldr	r2, [r3, #4092]
 838:Core/Src/bootloader.c ****         flag_ptr[1] == APP_VALID_FLAG_COMPLEMENT)
 1211              		.loc 1 838 47 discriminator 1 view .LVU358
 1212 0016 054B     		ldr	r3, .L100+8
 1213 0018 9A42     		cmp	r2, r3
 1214 001a 01D0     		beq	.L98
 1215              		.loc 1 844 12 view .LVU359
 1216 001c 0020     		movs	r0, #0
 1217 001e 7047     		bx	lr
 1218              	.L98:
 841:Core/Src/bootloader.c ****     }
 1219              		.loc 1 841 16 view .LVU360
 1220 0020 0120     		movs	r0, #1
 845:Core/Src/bootloader.c **** }
 1221              		.loc 1 845 1 view .LVU361
 1222 0022 7047     		bx	lr
 1223              	.L101:
 1224              		.align	2
 1225              	.L100:
 1226 0024 00700008 		.word	134246400
 1227 0028 EFBEADDE 		.word	-559038737
 1228 002c 10415221 		.word	559038736
 1229              		.cfi_endproc
 1230              	.LFE147:
 1232              		.section	.text.Bootloader_ClearApplicationValidFlag,"ax",%progbits
 1233              		.align	1
 1234              		.global	Bootloader_ClearApplicationValidFlag
 1235              		.syntax unified
 1236              		.thumb
 1237              		.thumb_func
 1239              	Bootloader_ClearApplicationValidFlag:
 1240              	.LFB148:
 846:Core/Src/bootloader.c **** 
 847:Core/Src/bootloader.c **** /**
 848:Core/Src/bootloader.c ****   * @brief  Clear application valid flag
 849:Core/Src/bootloader.c ****   * @retval None
 850:Core/Src/bootloader.c ****   */
 851:Core/Src/bootloader.c **** void Bootloader_ClearApplicationValidFlag(void)
 852:Core/Src/bootloader.c **** {
ARM GAS  C:\Users\Ali\AppData\Local\Temp\ccdQfK6d.s 			page 49


 1241              		.loc 1 852 1 is_stmt 1 view -0
 1242              		.cfi_startproc
 1243              		@ args = 0, pretend = 0, frame = 24
 1244              		@ frame_needed = 0, uses_anonymous_args = 0
 1245 0000 00B5     		push	{lr}
 1246              		.cfi_def_cfa_offset 4
 1247              		.cfi_offset 14, -4
 1248 0002 87B0     		sub	sp, sp, #28
 1249              		.cfi_def_cfa_offset 32
 853:Core/Src/bootloader.c ****     FLASH_EraseInitTypeDef erase_init;
 1250              		.loc 1 853 5 view .LVU363
 854:Core/Src/bootloader.c ****     uint32_t page_error;
 1251              		.loc 1 854 5 view .LVU364
 855:Core/Src/bootloader.c ****     
 856:Core/Src/bootloader.c ****     /* Unlock flash */
 857:Core/Src/bootloader.c ****     HAL_FLASH_Unlock();
 1252              		.loc 1 857 5 view .LVU365
 1253 0004 FFF7FEFF 		bl	HAL_FLASH_Unlock
 1254              	.LVL95:
 858:Core/Src/bootloader.c ****     
 859:Core/Src/bootloader.c ****     /* Erase the page containing the flag */
 860:Core/Src/bootloader.c ****     erase_init.TypeErase = FLASH_TYPEERASE_PAGES;
 1255              		.loc 1 860 5 view .LVU366
 1256              		.loc 1 860 26 is_stmt 0 view .LVU367
 1257 0008 0023     		movs	r3, #0
 1258 000a 0293     		str	r3, [sp, #8]
 861:Core/Src/bootloader.c ****     erase_init.Page = (APP_VALID_FLAG_ADDRESS - 0x08000000) / FLASH_PAGE_SIZE;  /* Page 15: contain
 1259              		.loc 1 861 5 is_stmt 1 view .LVU368
 1260              		.loc 1 861 21 is_stmt 0 view .LVU369
 1261 000c 0F23     		movs	r3, #15
 1262 000e 0493     		str	r3, [sp, #16]
 862:Core/Src/bootloader.c ****     erase_init.NbPages = 1;
 1263              		.loc 1 862 5 is_stmt 1 view .LVU370
 1264              		.loc 1 862 24 is_stmt 0 view .LVU371
 1265 0010 0123     		movs	r3, #1
 1266 0012 0593     		str	r3, [sp, #20]
 863:Core/Src/bootloader.c ****     
 864:Core/Src/bootloader.c ****     HAL_FLASHEx_Erase(&erase_init, &page_error);
 1267              		.loc 1 864 5 is_stmt 1 view .LVU372
 1268 0014 01A9     		add	r1, sp, #4
 1269 0016 02A8     		add	r0, sp, #8
 1270 0018 FFF7FEFF 		bl	HAL_FLASHEx_Erase
 1271              	.LVL96:
 865:Core/Src/bootloader.c ****     
 866:Core/Src/bootloader.c ****     /* Lock flash */
 867:Core/Src/bootloader.c ****     HAL_FLASH_Lock();
 1272              		.loc 1 867 5 view .LVU373
 1273 001c FFF7FEFF 		bl	HAL_FLASH_Lock
 1274              	.LVL97:
 868:Core/Src/bootloader.c **** }
 1275              		.loc 1 868 1 is_stmt 0 view .LVU374
 1276 0020 07B0     		add	sp, sp, #28
 1277              		.cfi_def_cfa_offset 4
 1278              		@ sp needed
 1279 0022 5DF804FB 		ldr	pc, [sp], #4
 1280              		.cfi_endproc
 1281              	.LFE148:
ARM GAS  C:\Users\Ali\AppData\Local\Temp\ccdQfK6d.s 			page 50


 1283              		.section	.text.Bootloader_LED_Init,"ax",%progbits
 1284              		.align	1
 1285              		.global	Bootloader_LED_Init
 1286              		.syntax unified
 1287              		.thumb
 1288              		.thumb_func
 1290              	Bootloader_LED_Init:
 1291              	.LFB149:
 869:Core/Src/bootloader.c **** 
 870:Core/Src/bootloader.c **** /**
 871:Core/Src/bootloader.c ****   * @brief  Initialize LED debug indicators
 872:Core/Src/bootloader.c ****   * @retval None
 873:Core/Src/bootloader.c ****   */
 874:Core/Src/bootloader.c **** void Bootloader_LED_Init(void)
 875:Core/Src/bootloader.c **** {
 1292              		.loc 1 875 1 is_stmt 1 view -0
 1293              		.cfi_startproc
 1294              		@ args = 0, pretend = 0, frame = 0
 1295              		@ frame_needed = 0, uses_anonymous_args = 0
 1296 0000 10B5     		push	{r4, lr}
 1297              		.cfi_def_cfa_offset 8
 1298              		.cfi_offset 4, -8
 1299              		.cfi_offset 14, -4
 876:Core/Src/bootloader.c ****     /* Turn on LED1 to indicate bootloader is running */
 877:Core/Src/bootloader.c ****     LED1_ON();
 1300              		.loc 1 877 5 view .LVU376
 1301 0002 094C     		ldr	r4, .L106
 1302 0004 0122     		movs	r2, #1
 1303 0006 0221     		movs	r1, #2
 1304 0008 2046     		mov	r0, r4
 1305 000a FFF7FEFF 		bl	HAL_GPIO_WritePin
 1306              	.LVL98:
 878:Core/Src/bootloader.c ****     
 879:Core/Src/bootloader.c ****     /* LED2 and LED3 start off */
 880:Core/Src/bootloader.c ****     LED2_OFF();
 1307              		.loc 1 880 5 view .LVU377
 1308 000e 0022     		movs	r2, #0
 1309 0010 4FF48071 		mov	r1, #256
 1310 0014 4FF09040 		mov	r0, #1207959552
 1311 0018 FFF7FEFF 		bl	HAL_GPIO_WritePin
 1312              	.LVL99:
 881:Core/Src/bootloader.c ****     LED3_OFF();
 1313              		.loc 1 881 5 view .LVU378
 1314 001c 0022     		movs	r2, #0
 1315 001e 2021     		movs	r1, #32
 1316 0020 2046     		mov	r0, r4
 1317 0022 FFF7FEFF 		bl	HAL_GPIO_WritePin
 1318              	.LVL100:
 882:Core/Src/bootloader.c **** }
 1319              		.loc 1 882 1 is_stmt 0 view .LVU379
 1320 0026 10BD     		pop	{r4, pc}
 1321              	.L107:
 1322              		.align	2
 1323              	.L106:
 1324 0028 00040048 		.word	1207960576
 1325              		.cfi_endproc
 1326              	.LFE149:
ARM GAS  C:\Users\Ali\AppData\Local\Temp\ccdQfK6d.s 			page 51


 1328              		.section	.text.Bootloader_LED_UpdateStatus,"ax",%progbits
 1329              		.align	1
 1330              		.global	Bootloader_LED_UpdateStatus
 1331              		.syntax unified
 1332              		.thumb
 1333              		.thumb_func
 1335              	Bootloader_LED_UpdateStatus:
 1336              	.LFB150:
 883:Core/Src/bootloader.c **** 
 884:Core/Src/bootloader.c **** /**
 885:Core/Src/bootloader.c ****   * @brief  Update LED2 based on valid application status
 886:Core/Src/bootloader.c ****   * @retval None
 887:Core/Src/bootloader.c ****   */
 888:Core/Src/bootloader.c **** void Bootloader_LED_UpdateStatus(void)
 889:Core/Src/bootloader.c **** {
 1337              		.loc 1 889 1 is_stmt 1 view -0
 1338              		.cfi_startproc
 1339              		@ args = 0, pretend = 0, frame = 0
 1340              		@ frame_needed = 0, uses_anonymous_args = 0
 1341 0000 08B5     		push	{r3, lr}
 1342              		.cfi_def_cfa_offset 8
 1343              		.cfi_offset 3, -8
 1344              		.cfi_offset 14, -4
 890:Core/Src/bootloader.c ****     /* LED2 indicates if valid application exists */
 891:Core/Src/bootloader.c ****     if (Bootloader_CheckApplicationValidFlag())
 1345              		.loc 1 891 5 view .LVU381
 1346              		.loc 1 891 9 is_stmt 0 view .LVU382
 1347 0002 FFF7FEFF 		bl	Bootloader_CheckApplicationValidFlag
 1348              	.LVL101:
 1349              		.loc 1 891 8 discriminator 1 view .LVU383
 1350 0006 38B1     		cbz	r0, .L109
 892:Core/Src/bootloader.c ****     {
 893:Core/Src/bootloader.c ****         LED2_ON();
 1351              		.loc 1 893 9 is_stmt 1 view .LVU384
 1352 0008 0122     		movs	r2, #1
 1353 000a 4FF48071 		mov	r1, #256
 1354 000e 4FF09040 		mov	r0, #1207959552
 1355 0012 FFF7FEFF 		bl	HAL_GPIO_WritePin
 1356              	.LVL102:
 1357              	.L108:
 894:Core/Src/bootloader.c ****     }
 895:Core/Src/bootloader.c ****     else
 896:Core/Src/bootloader.c ****     {
 897:Core/Src/bootloader.c ****         LED2_OFF();
 898:Core/Src/bootloader.c ****     }
 899:Core/Src/bootloader.c **** }
 1358              		.loc 1 899 1 is_stmt 0 view .LVU385
 1359 0016 08BD     		pop	{r3, pc}
 1360              	.L109:
 897:Core/Src/bootloader.c ****     }
 1361              		.loc 1 897 9 is_stmt 1 view .LVU386
 1362 0018 0022     		movs	r2, #0
 1363 001a 4FF48071 		mov	r1, #256
 1364 001e 4FF09040 		mov	r0, #1207959552
 1365 0022 FFF7FEFF 		bl	HAL_GPIO_WritePin
 1366              	.LVL103:
 1367              		.loc 1 899 1 is_stmt 0 view .LVU387
ARM GAS  C:\Users\Ali\AppData\Local\Temp\ccdQfK6d.s 			page 52


 1368 0026 F6E7     		b	.L108
 1369              		.cfi_endproc
 1370              	.LFE150:
 1372              		.section	.text.Bootloader_Init,"ax",%progbits
 1373              		.align	1
 1374              		.global	Bootloader_Init
 1375              		.syntax unified
 1376              		.thumb
 1377              		.thumb_func
 1379              	Bootloader_Init:
 1380              	.LVL104:
 1381              	.LFB132:
  50:Core/Src/bootloader.c ****     hcan_bootloader = hcan;
 1382              		.loc 1 50 1 is_stmt 1 view -0
 1383              		.cfi_startproc
 1384              		@ args = 0, pretend = 0, frame = 0
 1385              		@ frame_needed = 0, uses_anonymous_args = 0
  50:Core/Src/bootloader.c ****     hcan_bootloader = hcan;
 1386              		.loc 1 50 1 is_stmt 0 view .LVU389
 1387 0000 10B5     		push	{r4, lr}
 1388              		.cfi_def_cfa_offset 8
 1389              		.cfi_offset 4, -8
 1390              		.cfi_offset 14, -4
  51:Core/Src/bootloader.c ****     
 1391              		.loc 1 51 5 is_stmt 1 view .LVU390
  51:Core/Src/bootloader.c ****     
 1392              		.loc 1 51 21 is_stmt 0 view .LVU391
 1393 0002 164C     		ldr	r4, .L118
 1394 0004 2060     		str	r0, [r4]
  54:Core/Src/bootloader.c ****     bootloader_status.state = BL_STATE_IDLE;
 1395              		.loc 1 54 5 is_stmt 1 view .LVU392
 1396 0006 164B     		ldr	r3, .L118+4
 1397 0008 0022     		movs	r2, #0
 1398 000a 1A60     		str	r2, [r3]
 1399 000c 5A60     		str	r2, [r3, #4]
 1400 000e 9A60     		str	r2, [r3, #8]
 1401 0010 DA60     		str	r2, [r3, #12]
 1402 0012 1A61     		str	r2, [r3, #16]
  55:Core/Src/bootloader.c ****     bootloader_status.current_address = APPLICATION_ADDRESS;
 1403              		.loc 1 55 5 view .LVU393
  56:Core/Src/bootloader.c ****     
 1404              		.loc 1 56 5 view .LVU394
  56:Core/Src/bootloader.c ****     
 1405              		.loc 1 56 39 is_stmt 0 view .LVU395
 1406 0014 134A     		ldr	r2, .L118+8
 1407 0016 5A60     		str	r2, [r3, #4]
  59:Core/Src/bootloader.c ****     
 1408              		.loc 1 59 5 is_stmt 1 view .LVU396
 1409 0018 FFF7FEFF 		bl	Bootloader_ConfigureCANFilter
 1410              	.LVL105:
  62:Core/Src/bootloader.c ****     {
 1411              		.loc 1 62 5 view .LVU397
  62:Core/Src/bootloader.c ****     {
 1412              		.loc 1 62 9 is_stmt 0 view .LVU398
 1413 001c 2068     		ldr	r0, [r4]
 1414 001e FFF7FEFF 		bl	HAL_CAN_Start
 1415              	.LVL106:
ARM GAS  C:\Users\Ali\AppData\Local\Temp\ccdQfK6d.s 			page 53


  62:Core/Src/bootloader.c ****     {
 1416              		.loc 1 62 8 discriminator 1 view .LVU399
 1417 0022 A8B9     		cbnz	r0, .L116
 1418              	.L113:
  68:Core/Src/bootloader.c ****     {
 1419              		.loc 1 68 5 is_stmt 1 view .LVU400
  68:Core/Src/bootloader.c ****     {
 1420              		.loc 1 68 9 is_stmt 0 view .LVU401
 1421 0024 0221     		movs	r1, #2
 1422 0026 0D4B     		ldr	r3, .L118
 1423 0028 1868     		ldr	r0, [r3]
 1424 002a FFF7FEFF 		bl	HAL_CAN_ActivateNotification
 1425              	.LVL107:
  68:Core/Src/bootloader.c ****     {
 1426              		.loc 1 68 8 discriminator 1 view .LVU402
 1427 002e 90B9     		cbnz	r0, .L117
 1428              	.L114:
  74:Core/Src/bootloader.c ****     tx_header.ExtId = CAN_BOOTLOADER_ID;
 1429              		.loc 1 74 5 is_stmt 1 view .LVU403
  74:Core/Src/bootloader.c ****     tx_header.ExtId = CAN_BOOTLOADER_ID;
 1430              		.loc 1 74 21 is_stmt 0 view .LVU404
 1431 0030 0D4B     		ldr	r3, .L118+12
 1432 0032 0022     		movs	r2, #0
 1433 0034 1A60     		str	r2, [r3]
  75:Core/Src/bootloader.c ****     tx_header.IDE = CAN_ID_EXT;
 1434              		.loc 1 75 5 is_stmt 1 view .LVU405
  75:Core/Src/bootloader.c ****     tx_header.IDE = CAN_ID_EXT;
 1435              		.loc 1 75 21 is_stmt 0 view .LVU406
 1436 0036 0D49     		ldr	r1, .L118+16
 1437 0038 5960     		str	r1, [r3, #4]
  76:Core/Src/bootloader.c ****     tx_header.RTR = CAN_RTR_DATA;
 1438              		.loc 1 76 5 is_stmt 1 view .LVU407
  76:Core/Src/bootloader.c ****     tx_header.RTR = CAN_RTR_DATA;
 1439              		.loc 1 76 19 is_stmt 0 view .LVU408
 1440 003a 0421     		movs	r1, #4
 1441 003c 9960     		str	r1, [r3, #8]
  77:Core/Src/bootloader.c ****     tx_header.DLC = 8;
 1442              		.loc 1 77 5 is_stmt 1 view .LVU409
  77:Core/Src/bootloader.c ****     tx_header.DLC = 8;
 1443              		.loc 1 77 19 is_stmt 0 view .LVU410
 1444 003e DA60     		str	r2, [r3, #12]
  78:Core/Src/bootloader.c ****     tx_header.TransmitGlobalTime = DISABLE;
 1445              		.loc 1 78 5 is_stmt 1 view .LVU411
  78:Core/Src/bootloader.c ****     tx_header.TransmitGlobalTime = DISABLE;
 1446              		.loc 1 78 19 is_stmt 0 view .LVU412
 1447 0040 0821     		movs	r1, #8
 1448 0042 1961     		str	r1, [r3, #16]
  79:Core/Src/bootloader.c ****     
 1449              		.loc 1 79 5 is_stmt 1 view .LVU413
  79:Core/Src/bootloader.c ****     
 1450              		.loc 1 79 34 is_stmt 0 view .LVU414
 1451 0044 1A75     		strb	r2, [r3, #20]
  82:Core/Src/bootloader.c ****     
 1452              		.loc 1 82 5 is_stmt 1 view .LVU415
 1453 0046 FFF7FEFF 		bl	Bootloader_LED_Init
 1454              	.LVL108:
  85:Core/Src/bootloader.c **** }
ARM GAS  C:\Users\Ali\AppData\Local\Temp\ccdQfK6d.s 			page 54


 1455              		.loc 1 85 5 view .LVU416
 1456 004a FFF7FEFF 		bl	Bootloader_LED_UpdateStatus
 1457              	.LVL109:
  86:Core/Src/bootloader.c **** 
 1458              		.loc 1 86 1 is_stmt 0 view .LVU417
 1459 004e 10BD     		pop	{r4, pc}
 1460              	.L116:
  64:Core/Src/bootloader.c ****     }
 1461              		.loc 1 64 9 is_stmt 1 view .LVU418
 1462 0050 FFF7FEFF 		bl	Error_Handler
 1463              	.LVL110:
 1464 0054 E6E7     		b	.L113
 1465              	.L117:
  70:Core/Src/bootloader.c ****     }
 1466              		.loc 1 70 9 view .LVU419
 1467 0056 FFF7FEFF 		bl	Error_Handler
 1468              	.LVL111:
 1469 005a E9E7     		b	.L114
 1470              	.L119:
 1471              		.align	2
 1472              	.L118:
 1473 005c 00000000 		.word	hcan_bootloader
 1474 0060 00000000 		.word	bootloader_status
 1475 0064 00800008 		.word	134250496
 1476 0068 00000000 		.word	tx_header
 1477 006c 00070018 		.word	402654976
 1478              		.cfi_endproc
 1479              	.LFE132:
 1481              		.section	.text.Bootloader_ProcessCANMessage,"ax",%progbits
 1482              		.align	1
 1483              		.global	Bootloader_ProcessCANMessage
 1484              		.syntax unified
 1485              		.thumb
 1486              		.thumb_func
 1488              	Bootloader_ProcessCANMessage:
 1489              	.LFB135:
 236:Core/Src/bootloader.c ****     uint8_t command;
 1490              		.loc 1 236 1 view -0
 1491              		.cfi_startproc
 1492              		@ args = 0, pretend = 0, frame = 0
 1493              		@ frame_needed = 0, uses_anonymous_args = 0
 1494 0000 10B5     		push	{r4, lr}
 1495              		.cfi_def_cfa_offset 8
 1496              		.cfi_offset 4, -8
 1497              		.cfi_offset 14, -4
 237:Core/Src/bootloader.c ****     uint32_t address;
 1498              		.loc 1 237 5 view .LVU421
 238:Core/Src/bootloader.c ****     uint16_t length;
 1499              		.loc 1 238 5 view .LVU422
 239:Core/Src/bootloader.c ****     uint8_t result;
 1500              		.loc 1 239 5 view .LVU423
 240:Core/Src/bootloader.c **** 
 1501              		.loc 1 240 5 view .LVU424
 243:Core/Src/bootloader.c ****     
 1502              		.loc 1 243 5 view .LVU425
 243:Core/Src/bootloader.c ****     
 1503              		.loc 1 243 26 is_stmt 0 view .LVU426
ARM GAS  C:\Users\Ali\AppData\Local\Temp\ccdQfK6d.s 			page 55


 1504 0002 0122     		movs	r2, #1
 1505 0004 8B4B     		ldr	r3, .L151
 1506 0006 1A70     		strb	r2, [r3]
 246:Core/Src/bootloader.c ****     
 1507              		.loc 1 246 5 is_stmt 1 view .LVU427
 1508 0008 2021     		movs	r1, #32
 1509 000a 8B48     		ldr	r0, .L151+4
 1510 000c FFF7FEFF 		bl	HAL_GPIO_WritePin
 1511              	.LVL112:
 249:Core/Src/bootloader.c **** 
 1512              		.loc 1 249 5 view .LVU428
 249:Core/Src/bootloader.c **** 
 1513              		.loc 1 249 27 is_stmt 0 view .LVU429
 1514 0010 FFF7FEFF 		bl	HAL_GetTick
 1515              	.LVL113:
 249:Core/Src/bootloader.c **** 
 1516              		.loc 1 249 25 discriminator 1 view .LVU430
 1517 0014 894B     		ldr	r3, .L151+8
 1518 0016 1860     		str	r0, [r3]
 252:Core/Src/bootloader.c **** 
 1519              		.loc 1 252 5 is_stmt 1 view .LVU431
 252:Core/Src/bootloader.c **** 
 1520              		.loc 1 252 13 is_stmt 0 view .LVU432
 1521 0018 894B     		ldr	r3, .L151+12
 1522 001a 1B78     		ldrb	r3, [r3]	@ zero_extendqisi2
 1523              	.LVL114:
 254:Core/Src/bootloader.c ****     {
 1524              		.loc 1 254 5 is_stmt 1 view .LVU433
 1525 001c 013B     		subs	r3, r3, #1
 1526 001e 062B     		cmp	r3, #6
 1527 0020 00F20481 		bhi	.L121
 1528 0024 DFE813F0 		tbh	[pc, r3, lsl #1]
 1529              	.L123:
 1530 0028 1B00     		.2byte	(.L129-.L123)/2
 1531 002a 9600     		.2byte	(.L128-.L123)/2
 1532 002c BD00     		.2byte	(.L127-.L123)/2
 1533 002e EE00     		.2byte	(.L126-.L123)/2
 1534 0030 0700     		.2byte	(.L125-.L123)/2
 1535 0032 3300     		.2byte	(.L124-.L123)/2
 1536 0034 5100     		.2byte	(.L122-.L123)/2
 1537              		.p2align 1
 1538              	.L125:
 258:Core/Src/bootloader.c ****             tx_data[1] = bootloader_status.state;
 1539              		.loc 1 258 13 view .LVU434
 258:Core/Src/bootloader.c ****             tx_data[1] = bootloader_status.state;
 1540              		.loc 1 258 24 is_stmt 0 view .LVU435
 1541 0036 8349     		ldr	r1, .L151+16
 1542 0038 1520     		movs	r0, #21
 1543 003a 0870     		strb	r0, [r1]
 259:Core/Src/bootloader.c ****             tx_data[2] = bootloader_status.last_error;
 1544              		.loc 1 259 13 is_stmt 1 view .LVU436
 259:Core/Src/bootloader.c ****             tx_data[2] = bootloader_status.last_error;
 1545              		.loc 1 259 43 is_stmt 0 view .LVU437
 1546 003c 824B     		ldr	r3, .L151+20
 1547 003e 1A78     		ldrb	r2, [r3]	@ zero_extendqisi2
 259:Core/Src/bootloader.c ****             tx_data[2] = bootloader_status.last_error;
 1548              		.loc 1 259 24 view .LVU438
ARM GAS  C:\Users\Ali\AppData\Local\Temp\ccdQfK6d.s 			page 56


 1549 0040 4A70     		strb	r2, [r1, #1]
 260:Core/Src/bootloader.c ****             tx_data[3] = (bootloader_status.bytes_written >> 24) & 0xFF;
 1550              		.loc 1 260 13 is_stmt 1 view .LVU439
 260:Core/Src/bootloader.c ****             tx_data[3] = (bootloader_status.bytes_written >> 24) & 0xFF;
 1551              		.loc 1 260 43 is_stmt 0 view .LVU440
 1552 0042 1A7C     		ldrb	r2, [r3, #16]	@ zero_extendqisi2
 260:Core/Src/bootloader.c ****             tx_data[3] = (bootloader_status.bytes_written >> 24) & 0xFF;
 1553              		.loc 1 260 24 view .LVU441
 1554 0044 8A70     		strb	r2, [r1, #2]
 261:Core/Src/bootloader.c ****             tx_data[4] = (bootloader_status.bytes_written >> 16) & 0xFF;
 1555              		.loc 1 261 13 is_stmt 1 view .LVU442
 261:Core/Src/bootloader.c ****             tx_data[4] = (bootloader_status.bytes_written >> 16) & 0xFF;
 1556              		.loc 1 261 44 is_stmt 0 view .LVU443
 1557 0046 9B68     		ldr	r3, [r3, #8]
 261:Core/Src/bootloader.c ****             tx_data[4] = (bootloader_status.bytes_written >> 16) & 0xFF;
 1558              		.loc 1 261 59 view .LVU444
 1559 0048 1A0E     		lsrs	r2, r3, #24
 261:Core/Src/bootloader.c ****             tx_data[4] = (bootloader_status.bytes_written >> 16) & 0xFF;
 1560              		.loc 1 261 24 view .LVU445
 1561 004a CA70     		strb	r2, [r1, #3]
 262:Core/Src/bootloader.c ****             tx_data[5] = (bootloader_status.bytes_written >> 8) & 0xFF;
 1562              		.loc 1 262 13 is_stmt 1 view .LVU446
 262:Core/Src/bootloader.c ****             tx_data[5] = (bootloader_status.bytes_written >> 8) & 0xFF;
 1563              		.loc 1 262 59 is_stmt 0 view .LVU447
 1564 004c 1A0C     		lsrs	r2, r3, #16
 262:Core/Src/bootloader.c ****             tx_data[5] = (bootloader_status.bytes_written >> 8) & 0xFF;
 1565              		.loc 1 262 24 view .LVU448
 1566 004e 0A71     		strb	r2, [r1, #4]
 263:Core/Src/bootloader.c ****             tx_data[6] = bootloader_status.bytes_written & 0xFF;
 1567              		.loc 1 263 13 is_stmt 1 view .LVU449
 263:Core/Src/bootloader.c ****             tx_data[6] = bootloader_status.bytes_written & 0xFF;
 1568              		.loc 1 263 59 is_stmt 0 view .LVU450
 1569 0050 1A0A     		lsrs	r2, r3, #8
 263:Core/Src/bootloader.c ****             tx_data[6] = bootloader_status.bytes_written & 0xFF;
 1570              		.loc 1 263 24 view .LVU451
 1571 0052 4A71     		strb	r2, [r1, #5]
 264:Core/Src/bootloader.c ****             Bootloader_SendCANMessage(RESP_DATA, tx_data, 8);
 1572              		.loc 1 264 13 is_stmt 1 view .LVU452
 264:Core/Src/bootloader.c ****             Bootloader_SendCANMessage(RESP_DATA, tx_data, 8);
 1573              		.loc 1 264 24 is_stmt 0 view .LVU453
 1574 0054 8B71     		strb	r3, [r1, #6]
 265:Core/Src/bootloader.c ****             break;
 1575              		.loc 1 265 13 is_stmt 1 view .LVU454
 1576 0056 0822     		movs	r2, #8
 1577 0058 FFF7FEFF 		bl	Bootloader_SendCANMessage
 1578              	.LVL115:
 266:Core/Src/bootloader.c ****             
 1579              		.loc 1 266 13 view .LVU455
 1580              	.L120:
 441:Core/Src/bootloader.c **** 
 1581              		.loc 1 441 1 is_stmt 0 view .LVU456
 1582 005c 10BD     		pop	{r4, pc}
 1583              	.LVL116:
 1584              	.L129:
 270:Core/Src/bootloader.c ****             
 1585              		.loc 1 270 13 is_stmt 1 view .LVU457
 270:Core/Src/bootloader.c ****             
ARM GAS  C:\Users\Ali\AppData\Local\Temp\ccdQfK6d.s 			page 57


 1586              		.loc 1 270 37 is_stmt 0 view .LVU458
 1587 005e 7A4B     		ldr	r3, .L151+20
 1588 0060 0122     		movs	r2, #1
 1589 0062 1A70     		strb	r2, [r3]
 273:Core/Src/bootloader.c ****             
 1590              		.loc 1 273 13 is_stmt 1 view .LVU459
 1591 0064 FFF7FEFF 		bl	Bootloader_ClearApplicationValidFlag
 1592              	.LVL117:
 276:Core/Src/bootloader.c ****             
 1593              		.loc 1 276 13 view .LVU460
 1594 0068 FFF7FEFF 		bl	Bootloader_LED_UpdateStatus
 1595              	.LVL118:
 278:Core/Src/bootloader.c ****             if (result == ERR_NONE)
 1596              		.loc 1 278 13 view .LVU461
 278:Core/Src/bootloader.c ****             if (result == ERR_NONE)
 1597              		.loc 1 278 22 is_stmt 0 view .LVU462
 1598 006c FFF7FEFF 		bl	Bootloader_EraseApplicationFlash
 1599              	.LVL119:
 279:Core/Src/bootloader.c ****             {
 1600              		.loc 1 279 13 is_stmt 1 view .LVU463
 279:Core/Src/bootloader.c ****             {
 1601              		.loc 1 279 16 is_stmt 0 view .LVU464
 1602 0070 50B9     		cbnz	r0, .L131
 281:Core/Src/bootloader.c ****                 bootloader_status.current_address = APPLICATION_ADDRESS;
 1603              		.loc 1 281 17 is_stmt 1 view .LVU465
 281:Core/Src/bootloader.c ****                 bootloader_status.current_address = APPLICATION_ADDRESS;
 1604              		.loc 1 281 49 is_stmt 0 view .LVU466
 1605 0072 754B     		ldr	r3, .L151+20
 1606 0074 0022     		movs	r2, #0
 1607 0076 9A60     		str	r2, [r3, #8]
 282:Core/Src/bootloader.c ****                 Bootloader_SendACK();
 1608              		.loc 1 282 17 is_stmt 1 view .LVU467
 282:Core/Src/bootloader.c ****                 Bootloader_SendACK();
 1609              		.loc 1 282 51 is_stmt 0 view .LVU468
 1610 0078 744A     		ldr	r2, .L151+24
 1611 007a 5A60     		str	r2, [r3, #4]
 283:Core/Src/bootloader.c ****             }
 1612              		.loc 1 283 17 is_stmt 1 view .LVU469
 1613 007c FFF7FEFF 		bl	Bootloader_SendACK
 1614              	.LVL120:
 1615              	.L132:
 289:Core/Src/bootloader.c ****             break;
 1616              		.loc 1 289 13 view .LVU470
 289:Core/Src/bootloader.c ****             break;
 1617              		.loc 1 289 37 is_stmt 0 view .LVU471
 1618 0080 714B     		ldr	r3, .L151+20
 1619 0082 0022     		movs	r2, #0
 1620 0084 1A70     		strb	r2, [r3]
 290:Core/Src/bootloader.c ****             
 1621              		.loc 1 290 13 is_stmt 1 view .LVU472
 1622 0086 E9E7     		b	.L120
 1623              	.LVL121:
 1624              	.L131:
 287:Core/Src/bootloader.c ****             }
 1625              		.loc 1 287 17 view .LVU473
 1626 0088 FFF7FEFF 		bl	Bootloader_SendNACK
 1627              	.LVL122:
ARM GAS  C:\Users\Ali\AppData\Local\Temp\ccdQfK6d.s 			page 58


 287:Core/Src/bootloader.c ****             }
 1628              		.loc 1 287 17 is_stmt 0 view .LVU474
 1629 008c F8E7     		b	.L132
 1630              	.LVL123:
 1631              	.L124:
 294:Core/Src/bootloader.c ****                      (rx_data[3] << 8) | rx_data[4];
 1632              		.loc 1 294 13 is_stmt 1 view .LVU475
 294:Core/Src/bootloader.c ****                      (rx_data[3] << 8) | rx_data[4];
 1633              		.loc 1 294 31 is_stmt 0 view .LVU476
 1634 008e 6C4A     		ldr	r2, .L151+12
 294:Core/Src/bootloader.c ****                      (rx_data[3] << 8) | rx_data[4];
 1635              		.loc 1 294 31 view .LVU477
 1636 0090 5178     		ldrb	r1, [r2, #1]	@ zero_extendqisi2
 294:Core/Src/bootloader.c ****                      (rx_data[3] << 8) | rx_data[4];
 1637              		.loc 1 294 52 view .LVU478
 1638 0092 9378     		ldrb	r3, [r2, #2]	@ zero_extendqisi2
 294:Core/Src/bootloader.c ****                      (rx_data[3] << 8) | rx_data[4];
 1639              		.loc 1 294 56 view .LVU479
 1640 0094 1B04     		lsls	r3, r3, #16
 294:Core/Src/bootloader.c ****                      (rx_data[3] << 8) | rx_data[4];
 1641              		.loc 1 294 42 view .LVU480
 1642 0096 43EA0163 		orr	r3, r3, r1, lsl #24
 295:Core/Src/bootloader.c **** 
 1643              		.loc 1 295 30 view .LVU481
 1644 009a D178     		ldrb	r1, [r2, #3]	@ zero_extendqisi2
 294:Core/Src/bootloader.c ****                      (rx_data[3] << 8) | rx_data[4];
 1645              		.loc 1 294 63 view .LVU482
 1646 009c 43EA0123 		orr	r3, r3, r1, lsl #8
 295:Core/Src/bootloader.c **** 
 1647              		.loc 1 295 49 view .LVU483
 1648 00a0 1279     		ldrb	r2, [r2, #4]	@ zero_extendqisi2
 295:Core/Src/bootloader.c **** 
 1649              		.loc 1 295 40 view .LVU484
 1650 00a2 1343     		orrs	r3, r3, r2
 1651              	.LVL124:
 298:Core/Src/bootloader.c ****             {
 1652              		.loc 1 298 13 is_stmt 1 view .LVU485
 298:Core/Src/bootloader.c ****             {
 1653              		.loc 1 298 48 is_stmt 0 view .LVU486
 1654 00a4 03F17842 		add	r2, r3, #-134217728
 1655 00a8 A2F50042 		sub	r2, r2, #32768
 298:Core/Src/bootloader.c ****             {
 1656              		.loc 1 298 16 view .LVU487
 1657 00ac B2F5503F 		cmp	r2, #212992
 1658 00b0 07D2     		bcs	.L133
 300:Core/Src/bootloader.c ****                 buffer_index = 0;  /* Reset buffer */
 1659              		.loc 1 300 17 is_stmt 1 view .LVU488
 300:Core/Src/bootloader.c ****                 buffer_index = 0;  /* Reset buffer */
 1660              		.loc 1 300 51 is_stmt 0 view .LVU489
 1661 00b2 654A     		ldr	r2, .L151+20
 1662 00b4 5360     		str	r3, [r2, #4]
 301:Core/Src/bootloader.c ****                 Bootloader_SendACK();
 1663              		.loc 1 301 17 is_stmt 1 view .LVU490
 301:Core/Src/bootloader.c ****                 Bootloader_SendACK();
 1664              		.loc 1 301 30 is_stmt 0 view .LVU491
 1665 00b6 664B     		ldr	r3, .L151+28
 1666              	.LVL125:
ARM GAS  C:\Users\Ali\AppData\Local\Temp\ccdQfK6d.s 			page 59


 301:Core/Src/bootloader.c ****                 Bootloader_SendACK();
 1667              		.loc 1 301 30 view .LVU492
 1668 00b8 0022     		movs	r2, #0
 301:Core/Src/bootloader.c ****                 Bootloader_SendACK();
 1669              		.loc 1 301 30 view .LVU493
 1670 00ba 1A80     		strh	r2, [r3]	@ movhi
 302:Core/Src/bootloader.c ****             }
 1671              		.loc 1 302 17 is_stmt 1 view .LVU494
 1672 00bc FFF7FEFF 		bl	Bootloader_SendACK
 1673              	.LVL126:
 302:Core/Src/bootloader.c ****             }
 1674              		.loc 1 302 17 is_stmt 0 view .LVU495
 1675 00c0 CCE7     		b	.L120
 1676              	.LVL127:
 1677              	.L133:
 306:Core/Src/bootloader.c ****             }
 1678              		.loc 1 306 17 is_stmt 1 view .LVU496
 1679 00c2 0220     		movs	r0, #2
 1680 00c4 FFF7FEFF 		bl	Bootloader_SendNACK
 1681              	.LVL128:
 306:Core/Src/bootloader.c ****             }
 1682              		.loc 1 306 17 is_stmt 0 view .LVU497
 1683 00c8 C8E7     		b	.L120
 1684              	.LVL129:
 1685              	.L122:
 314:Core/Src/bootloader.c ****             length = rx_data[1];  /* Data length - should always be 4 */
 1686              		.loc 1 314 13 is_stmt 1 view .LVU498
 314:Core/Src/bootloader.c ****             length = rx_data[1];  /* Data length - should always be 4 */
 1687              		.loc 1 314 37 is_stmt 0 view .LVU499
 1688 00ca 5F4B     		ldr	r3, .L151+20
 1689 00cc 0222     		movs	r2, #2
 1690 00ce 1A70     		strb	r2, [r3]
 315:Core/Src/bootloader.c ****             
 1691              		.loc 1 315 13 is_stmt 1 view .LVU500
 315:Core/Src/bootloader.c ****             
 1692              		.loc 1 315 29 is_stmt 0 view .LVU501
 1693 00d0 5B4B     		ldr	r3, .L151+12
 315:Core/Src/bootloader.c ****             
 1694              		.loc 1 315 29 view .LVU502
 1695 00d2 5B78     		ldrb	r3, [r3, #1]	@ zero_extendqisi2
 1696              	.LVL130:
 317:Core/Src/bootloader.c ****             {
 1697              		.loc 1 317 13 is_stmt 1 view .LVU503
 317:Core/Src/bootloader.c ****             {
 1698              		.loc 1 317 16 is_stmt 0 view .LVU504
 1699 00d4 042B     		cmp	r3, #4
 1700 00d6 01D1     		bne	.L149
 1701              	.LBB11:
 326:Core/Src/bootloader.c ****             {
 1702              		.loc 1 326 26 view .LVU505
 1703 00d8 0023     		movs	r3, #0
 1704 00da 15E0     		b	.L134
 1705              	.L149:
 1706              	.LBE11:
 319:Core/Src/bootloader.c ****                 bootloader_status.state = BL_STATE_IDLE;
 1707              		.loc 1 319 17 is_stmt 1 view .LVU506
 1708 00dc 0520     		movs	r0, #5
ARM GAS  C:\Users\Ali\AppData\Local\Temp\ccdQfK6d.s 			page 60


 1709 00de FFF7FEFF 		bl	Bootloader_SendNACK
 1710              	.LVL131:
 320:Core/Src/bootloader.c ****                 buffer_index = 0;  /* Reset buffer on error */
 1711              		.loc 1 320 17 view .LVU507
 320:Core/Src/bootloader.c ****                 buffer_index = 0;  /* Reset buffer on error */
 1712              		.loc 1 320 41 is_stmt 0 view .LVU508
 1713 00e2 0023     		movs	r3, #0
 1714 00e4 584A     		ldr	r2, .L151+20
 1715 00e6 1370     		strb	r3, [r2]
 321:Core/Src/bootloader.c ****                 break;
 1716              		.loc 1 321 17 is_stmt 1 view .LVU509
 321:Core/Src/bootloader.c ****                 break;
 1717              		.loc 1 321 30 is_stmt 0 view .LVU510
 1718 00e8 594A     		ldr	r2, .L151+28
 1719 00ea 1380     		strh	r3, [r2]	@ movhi
 322:Core/Src/bootloader.c ****             }
 1720              		.loc 1 322 17 is_stmt 1 view .LVU511
 1721 00ec B6E7     		b	.L120
 1722              	.LVL132:
 1723              	.L135:
 1724              	.LBB12:
 328:Core/Src/bootloader.c ****             }
 1725              		.loc 1 328 17 view .LVU512
 328:Core/Src/bootloader.c ****             }
 1726              		.loc 1 328 58 is_stmt 0 view .LVU513
 1727 00ee 981C     		adds	r0, r3, #2
 328:Core/Src/bootloader.c ****             }
 1728              		.loc 1 328 42 view .LVU514
 1729 00f0 5749     		ldr	r1, .L151+28
 1730 00f2 0A88     		ldrh	r2, [r1]
 1731 00f4 02F1010C 		add	ip, r2, #1
 1732 00f8 A1F800C0 		strh	ip, [r1]	@ movhi
 328:Core/Src/bootloader.c ****             }
 1733              		.loc 1 328 55 view .LVU515
 1734 00fc 5049     		ldr	r1, .L151+12
 328:Core/Src/bootloader.c ****             }
 1735              		.loc 1 328 55 view .LVU516
 1736 00fe 085C     		ldrb	r0, [r1, r0]	@ zero_extendqisi2
 328:Core/Src/bootloader.c ****             }
 1737              		.loc 1 328 46 view .LVU517
 1738 0100 5449     		ldr	r1, .L151+32
 328:Core/Src/bootloader.c ****             }
 1739              		.loc 1 328 46 view .LVU518
 1740 0102 8854     		strb	r0, [r1, r2]
 326:Core/Src/bootloader.c ****             {
 1741              		.loc 1 326 41 is_stmt 1 discriminator 3 view .LVU519
 1742 0104 0133     		adds	r3, r3, #1
 1743              	.LVL133:
 326:Core/Src/bootloader.c ****             {
 1744              		.loc 1 326 41 is_stmt 0 discriminator 3 view .LVU520
 1745 0106 DBB2     		uxtb	r3, r3
 1746              	.LVL134:
 1747              	.L134:
 326:Core/Src/bootloader.c ****             {
 1748              		.loc 1 326 35 is_stmt 1 discriminator 1 view .LVU521
 1749 0108 032B     		cmp	r3, #3
 1750 010a F0D9     		bls	.L135
ARM GAS  C:\Users\Ali\AppData\Local\Temp\ccdQfK6d.s 			page 61


 1751              	.LBE12:
 332:Core/Src/bootloader.c ****             {
 1752              		.loc 1 332 13 view .LVU522
 332:Core/Src/bootloader.c ****             {
 1753              		.loc 1 332 30 is_stmt 0 view .LVU523
 1754 010c 504B     		ldr	r3, .L151+28
 1755              	.LVL135:
 332:Core/Src/bootloader.c ****             {
 1756              		.loc 1 332 30 view .LVU524
 1757 010e 1B88     		ldrh	r3, [r3]
 332:Core/Src/bootloader.c ****             {
 1758              		.loc 1 332 16 view .LVU525
 1759 0110 072B     		cmp	r3, #7
 1760 0112 19D9     		bls	.L136
 334:Core/Src/bootloader.c ****                                                flash_buffer, 8);
 1761              		.loc 1 334 17 is_stmt 1 view .LVU526
 334:Core/Src/bootloader.c ****                                                flash_buffer, 8);
 1762              		.loc 1 334 26 is_stmt 0 view .LVU527
 1763 0114 0822     		movs	r2, #8
 1764 0116 4F49     		ldr	r1, .L151+32
 1765 0118 4B4B     		ldr	r3, .L151+20
 1766 011a 5868     		ldr	r0, [r3, #4]
 1767 011c FFF7FEFF 		bl	Bootloader_WriteFlash
 1768              	.LVL136:
 336:Core/Src/bootloader.c ****                 {
 1769              		.loc 1 336 17 is_stmt 1 view .LVU528
 336:Core/Src/bootloader.c ****                 {
 1770              		.loc 1 336 20 is_stmt 0 view .LVU529
 1771 0120 60B9     		cbnz	r0, .L137
 338:Core/Src/bootloader.c ****                     bootloader_status.bytes_written += 8;
 1772              		.loc 1 338 21 is_stmt 1 view .LVU530
 338:Core/Src/bootloader.c ****                     bootloader_status.bytes_written += 8;
 1773              		.loc 1 338 38 is_stmt 0 view .LVU531
 1774 0122 494B     		ldr	r3, .L151+20
 1775 0124 5A68     		ldr	r2, [r3, #4]
 338:Core/Src/bootloader.c ****                     bootloader_status.bytes_written += 8;
 1776              		.loc 1 338 55 view .LVU532
 1777 0126 0832     		adds	r2, r2, #8
 1778 0128 5A60     		str	r2, [r3, #4]
 339:Core/Src/bootloader.c ****                     buffer_index = 0;
 1779              		.loc 1 339 21 is_stmt 1 view .LVU533
 339:Core/Src/bootloader.c ****                     buffer_index = 0;
 1780              		.loc 1 339 38 is_stmt 0 view .LVU534
 1781 012a 9A68     		ldr	r2, [r3, #8]
 339:Core/Src/bootloader.c ****                     buffer_index = 0;
 1782              		.loc 1 339 53 view .LVU535
 1783 012c 0832     		adds	r2, r2, #8
 1784 012e 9A60     		str	r2, [r3, #8]
 340:Core/Src/bootloader.c ****                     Bootloader_SendACK();
 1785              		.loc 1 340 21 is_stmt 1 view .LVU536
 340:Core/Src/bootloader.c ****                     Bootloader_SendACK();
 1786              		.loc 1 340 34 is_stmt 0 view .LVU537
 1787 0130 474B     		ldr	r3, .L151+28
 1788 0132 0022     		movs	r2, #0
 1789 0134 1A80     		strh	r2, [r3]	@ movhi
 341:Core/Src/bootloader.c ****                 }
 1790              		.loc 1 341 21 is_stmt 1 view .LVU538
ARM GAS  C:\Users\Ali\AppData\Local\Temp\ccdQfK6d.s 			page 62


 1791 0136 FFF7FEFF 		bl	Bootloader_SendACK
 1792              	.LVL137:
 341:Core/Src/bootloader.c ****                 }
 1793              		.loc 1 341 21 is_stmt 0 view .LVU539
 1794 013a 07E0     		b	.L138
 1795              	.LVL138:
 1796              	.L137:
 345:Core/Src/bootloader.c ****                     Bootloader_SendNACK(result);
 1797              		.loc 1 345 21 is_stmt 1 view .LVU540
 345:Core/Src/bootloader.c ****                     Bootloader_SendNACK(result);
 1798              		.loc 1 345 34 is_stmt 0 view .LVU541
 1799 013c 444A     		ldr	r2, .L151+28
 1800 013e 0021     		movs	r1, #0
 1801 0140 1180     		strh	r1, [r2]	@ movhi
 346:Core/Src/bootloader.c ****                 }
 1802              		.loc 1 346 21 is_stmt 1 view .LVU542
 1803 0142 FFF7FEFF 		bl	Bootloader_SendNACK
 1804              	.LVL139:
 346:Core/Src/bootloader.c ****                 }
 1805              		.loc 1 346 21 is_stmt 0 view .LVU543
 1806 0146 01E0     		b	.L138
 1807              	.LVL140:
 1808              	.L136:
 351:Core/Src/bootloader.c ****             }
 1809              		.loc 1 351 17 is_stmt 1 view .LVU544
 1810 0148 FFF7FEFF 		bl	Bootloader_SendACK
 1811              	.LVL141:
 1812              	.L138:
 354:Core/Src/bootloader.c ****             break;
 1813              		.loc 1 354 13 view .LVU545
 354:Core/Src/bootloader.c ****             break;
 1814              		.loc 1 354 37 is_stmt 0 view .LVU546
 1815 014c 3E4B     		ldr	r3, .L151+20
 1816 014e 0022     		movs	r2, #0
 1817 0150 1A70     		strb	r2, [r3]
 355:Core/Src/bootloader.c ****             
 1818              		.loc 1 355 13 is_stmt 1 view .LVU547
 1819 0152 83E7     		b	.L120
 1820              	.LVL142:
 1821              	.L128:
 359:Core/Src/bootloader.c ****                      (rx_data[3] << 8) | rx_data[4];
 1822              		.loc 1 359 13 view .LVU548
 359:Core/Src/bootloader.c ****                      (rx_data[3] << 8) | rx_data[4];
 1823              		.loc 1 359 31 is_stmt 0 view .LVU549
 1824 0154 3A4B     		ldr	r3, .L151+12
 359:Core/Src/bootloader.c ****                      (rx_data[3] << 8) | rx_data[4];
 1825              		.loc 1 359 31 view .LVU550
 1826 0156 5A78     		ldrb	r2, [r3, #1]	@ zero_extendqisi2
 359:Core/Src/bootloader.c ****                      (rx_data[3] << 8) | rx_data[4];
 1827              		.loc 1 359 52 view .LVU551
 1828 0158 9878     		ldrb	r0, [r3, #2]	@ zero_extendqisi2
 359:Core/Src/bootloader.c ****                      (rx_data[3] << 8) | rx_data[4];
 1829              		.loc 1 359 56 view .LVU552
 1830 015a 0004     		lsls	r0, r0, #16
 359:Core/Src/bootloader.c ****                      (rx_data[3] << 8) | rx_data[4];
 1831              		.loc 1 359 42 view .LVU553
 1832 015c 40EA0260 		orr	r0, r0, r2, lsl #24
ARM GAS  C:\Users\Ali\AppData\Local\Temp\ccdQfK6d.s 			page 63


 360:Core/Src/bootloader.c ****             length = rx_data[5];
 1833              		.loc 1 360 30 view .LVU554
 1834 0160 DA78     		ldrb	r2, [r3, #3]	@ zero_extendqisi2
 359:Core/Src/bootloader.c ****                      (rx_data[3] << 8) | rx_data[4];
 1835              		.loc 1 359 63 view .LVU555
 1836 0162 40EA0220 		orr	r0, r0, r2, lsl #8
 360:Core/Src/bootloader.c ****             length = rx_data[5];
 1837              		.loc 1 360 49 view .LVU556
 1838 0166 1A79     		ldrb	r2, [r3, #4]	@ zero_extendqisi2
 360:Core/Src/bootloader.c ****             length = rx_data[5];
 1839              		.loc 1 360 40 view .LVU557
 1840 0168 1043     		orrs	r0, r0, r2
 1841              	.LVL143:
 361:Core/Src/bootloader.c **** 
 1842              		.loc 1 361 13 is_stmt 1 view .LVU558
 361:Core/Src/bootloader.c **** 
 1843              		.loc 1 361 29 is_stmt 0 view .LVU559
 1844 016a 5A79     		ldrb	r2, [r3, #5]	@ zero_extendqisi2
 1845              	.LVL144:
 364:Core/Src/bootloader.c ****             {
 1846              		.loc 1 364 13 is_stmt 1 view .LVU560
 364:Core/Src/bootloader.c ****             {
 1847              		.loc 1 364 48 is_stmt 0 view .LVU561
 1848 016c 00F17843 		add	r3, r0, #-134217728
 364:Core/Src/bootloader.c ****             {
 1849              		.loc 1 364 48 view .LVU562
 1850 0170 A3F50043 		sub	r3, r3, #32768
 364:Core/Src/bootloader.c ****             {
 1851              		.loc 1 364 16 view .LVU563
 1852 0174 B3F5503F 		cmp	r3, #212992
 1853 0178 0FD2     		bcs	.L139
 366:Core/Src/bootloader.c ****                 result = Bootloader_WriteFlash(address, &rx_data[6], length);
 1854              		.loc 1 366 17 is_stmt 1 view .LVU564
 366:Core/Src/bootloader.c ****                 result = Bootloader_WriteFlash(address, &rx_data[6], length);
 1855              		.loc 1 366 41 is_stmt 0 view .LVU565
 1856 017a 334B     		ldr	r3, .L151+20
 1857 017c 0221     		movs	r1, #2
 1858 017e 1970     		strb	r1, [r3]
 367:Core/Src/bootloader.c ****                 if (result == ERR_NONE)
 1859              		.loc 1 367 17 is_stmt 1 view .LVU566
 367:Core/Src/bootloader.c ****                 if (result == ERR_NONE)
 1860              		.loc 1 367 26 is_stmt 0 view .LVU567
 1861 0180 3549     		ldr	r1, .L151+36
 1862 0182 FFF7FEFF 		bl	Bootloader_WriteFlash
 1863              	.LVL145:
 368:Core/Src/bootloader.c ****                 {
 1864              		.loc 1 368 17 is_stmt 1 view .LVU568
 368:Core/Src/bootloader.c ****                 {
 1865              		.loc 1 368 20 is_stmt 0 view .LVU569
 1866 0186 28B9     		cbnz	r0, .L140
 370:Core/Src/bootloader.c ****                 }
 1867              		.loc 1 370 21 is_stmt 1 view .LVU570
 1868 0188 FFF7FEFF 		bl	Bootloader_SendACK
 1869              	.LVL146:
 1870              	.L141:
 376:Core/Src/bootloader.c ****             }
 1871              		.loc 1 376 17 view .LVU571
ARM GAS  C:\Users\Ali\AppData\Local\Temp\ccdQfK6d.s 			page 64


 376:Core/Src/bootloader.c ****             }
 1872              		.loc 1 376 41 is_stmt 0 view .LVU572
 1873 018c 2E4B     		ldr	r3, .L151+20
 1874 018e 0022     		movs	r2, #0
 1875 0190 1A70     		strb	r2, [r3]
 1876 0192 63E7     		b	.L120
 1877              	.LVL147:
 1878              	.L140:
 374:Core/Src/bootloader.c ****                 }
 1879              		.loc 1 374 21 is_stmt 1 view .LVU573
 1880 0194 FFF7FEFF 		bl	Bootloader_SendNACK
 1881              	.LVL148:
 374:Core/Src/bootloader.c ****                 }
 1882              		.loc 1 374 21 is_stmt 0 view .LVU574
 1883 0198 F8E7     		b	.L141
 1884              	.LVL149:
 1885              	.L139:
 380:Core/Src/bootloader.c ****             }
 1886              		.loc 1 380 17 is_stmt 1 view .LVU575
 1887 019a 0220     		movs	r0, #2
 1888              	.LVL150:
 380:Core/Src/bootloader.c ****             }
 1889              		.loc 1 380 17 is_stmt 0 view .LVU576
 1890 019c FFF7FEFF 		bl	Bootloader_SendNACK
 1891              	.LVL151:
 380:Core/Src/bootloader.c ****             }
 1892              		.loc 1 380 17 view .LVU577
 1893 01a0 5CE7     		b	.L120
 1894              	.LVL152:
 1895              	.L127:
 386:Core/Src/bootloader.c ****                      (rx_data[3] << 8) | rx_data[4];
 1896              		.loc 1 386 13 is_stmt 1 view .LVU578
 386:Core/Src/bootloader.c ****                      (rx_data[3] << 8) | rx_data[4];
 1897              		.loc 1 386 31 is_stmt 0 view .LVU579
 1898 01a2 274B     		ldr	r3, .L151+12
 386:Core/Src/bootloader.c ****                      (rx_data[3] << 8) | rx_data[4];
 1899              		.loc 1 386 31 view .LVU580
 1900 01a4 5A78     		ldrb	r2, [r3, #1]	@ zero_extendqisi2
 386:Core/Src/bootloader.c ****                      (rx_data[3] << 8) | rx_data[4];
 1901              		.loc 1 386 52 view .LVU581
 1902 01a6 9878     		ldrb	r0, [r3, #2]	@ zero_extendqisi2
 386:Core/Src/bootloader.c ****                      (rx_data[3] << 8) | rx_data[4];
 1903              		.loc 1 386 56 view .LVU582
 1904 01a8 0004     		lsls	r0, r0, #16
 386:Core/Src/bootloader.c ****                      (rx_data[3] << 8) | rx_data[4];
 1905              		.loc 1 386 42 view .LVU583
 1906 01aa 40EA0260 		orr	r0, r0, r2, lsl #24
 387:Core/Src/bootloader.c ****             length = rx_data[5];
 1907              		.loc 1 387 30 view .LVU584
 1908 01ae DA78     		ldrb	r2, [r3, #3]	@ zero_extendqisi2
 386:Core/Src/bootloader.c ****                      (rx_data[3] << 8) | rx_data[4];
 1909              		.loc 1 386 63 view .LVU585
 1910 01b0 40EA0220 		orr	r0, r0, r2, lsl #8
 387:Core/Src/bootloader.c ****             length = rx_data[5];
 1911              		.loc 1 387 49 view .LVU586
 1912 01b4 1A79     		ldrb	r2, [r3, #4]	@ zero_extendqisi2
 387:Core/Src/bootloader.c ****             length = rx_data[5];
ARM GAS  C:\Users\Ali\AppData\Local\Temp\ccdQfK6d.s 			page 65


 1913              		.loc 1 387 40 view .LVU587
 1914 01b6 1043     		orrs	r0, r0, r2
 1915              	.LVL153:
 388:Core/Src/bootloader.c **** 
 1916              		.loc 1 388 13 is_stmt 1 view .LVU588
 388:Core/Src/bootloader.c **** 
 1917              		.loc 1 388 29 is_stmt 0 view .LVU589
 1918 01b8 5C79     		ldrb	r4, [r3, #5]	@ zero_extendqisi2
 1919              	.LVL154:
 391:Core/Src/bootloader.c ****             {
 1920              		.loc 1 391 13 is_stmt 1 view .LVU590
 391:Core/Src/bootloader.c ****             {
 1921              		.loc 1 391 48 is_stmt 0 view .LVU591
 1922 01ba 00F17843 		add	r3, r0, #-134217728
 391:Core/Src/bootloader.c ****             {
 1923              		.loc 1 391 48 view .LVU592
 1924 01be A3F50043 		sub	r3, r3, #32768
 391:Core/Src/bootloader.c ****             {
 1925              		.loc 1 391 16 view .LVU593
 1926 01c2 B3F5503F 		cmp	r3, #212992
 1927 01c6 01D2     		bcs	.L142
 391:Core/Src/bootloader.c ****             {
 1928              		.loc 1 391 86 discriminator 1 view .LVU594
 1929 01c8 072C     		cmp	r4, #7
 1930 01ca 03D9     		bls	.L150
 1931              	.L142:
 408:Core/Src/bootloader.c ****             }
 1932              		.loc 1 408 17 is_stmt 1 view .LVU595
 1933 01cc 0220     		movs	r0, #2
 1934              	.LVL155:
 408:Core/Src/bootloader.c ****             }
 1935              		.loc 1 408 17 is_stmt 0 view .LVU596
 1936 01ce FFF7FEFF 		bl	Bootloader_SendNACK
 1937              	.LVL156:
 408:Core/Src/bootloader.c ****             }
 1938              		.loc 1 408 17 view .LVU597
 1939 01d2 43E7     		b	.L120
 1940              	.LVL157:
 1941              	.L150:
 393:Core/Src/bootloader.c ****                 tx_data[0] = RESP_DATA;
 1942              		.loc 1 393 17 is_stmt 1 view .LVU598
 393:Core/Src/bootloader.c ****                 tx_data[0] = RESP_DATA;
 1943              		.loc 1 393 41 is_stmt 0 view .LVU599
 1944 01d4 1C4B     		ldr	r3, .L151+20
 1945 01d6 0322     		movs	r2, #3
 1946 01d8 1A70     		strb	r2, [r3]
 394:Core/Src/bootloader.c ****                 result = Bootloader_ReadFlash(address, &tx_data[1], length);
 1947              		.loc 1 394 17 is_stmt 1 view .LVU600
 394:Core/Src/bootloader.c ****                 result = Bootloader_ReadFlash(address, &tx_data[1], length);
 1948              		.loc 1 394 28 is_stmt 0 view .LVU601
 1949 01da 1A49     		ldr	r1, .L151+16
 1950 01dc 1523     		movs	r3, #21
 1951 01de 01F8013B 		strb	r3, [r1], #1
 395:Core/Src/bootloader.c ****                 if (result == ERR_NONE)
 1952              		.loc 1 395 17 is_stmt 1 view .LVU602
 395:Core/Src/bootloader.c ****                 if (result == ERR_NONE)
 1953              		.loc 1 395 26 is_stmt 0 view .LVU603
ARM GAS  C:\Users\Ali\AppData\Local\Temp\ccdQfK6d.s 			page 66


 1954 01e2 2246     		mov	r2, r4
 1955 01e4 FFF7FEFF 		bl	Bootloader_ReadFlash
 1956              	.LVL158:
 396:Core/Src/bootloader.c ****                 {
 1957              		.loc 1 396 17 is_stmt 1 view .LVU604
 396:Core/Src/bootloader.c ****                 {
 1958              		.loc 1 396 20 is_stmt 0 view .LVU605
 1959 01e8 48B9     		cbnz	r0, .L143
 398:Core/Src/bootloader.c ****                 }
 1960              		.loc 1 398 21 is_stmt 1 view .LVU606
 1961 01ea 621C     		adds	r2, r4, #1
 1962 01ec D2B2     		uxtb	r2, r2
 1963 01ee 1549     		ldr	r1, .L151+16
 1964 01f0 1520     		movs	r0, #21
 1965              	.LVL159:
 398:Core/Src/bootloader.c ****                 }
 1966              		.loc 1 398 21 is_stmt 0 view .LVU607
 1967 01f2 FFF7FEFF 		bl	Bootloader_SendCANMessage
 1968              	.LVL160:
 1969              	.L144:
 404:Core/Src/bootloader.c ****             }
 1970              		.loc 1 404 17 is_stmt 1 view .LVU608
 404:Core/Src/bootloader.c ****             }
 1971              		.loc 1 404 41 is_stmt 0 view .LVU609
 1972 01f6 144B     		ldr	r3, .L151+20
 1973 01f8 0022     		movs	r2, #0
 1974 01fa 1A70     		strb	r2, [r3]
 1975 01fc 2EE7     		b	.L120
 1976              	.LVL161:
 1977              	.L143:
 402:Core/Src/bootloader.c ****                 }
 1978              		.loc 1 402 21 is_stmt 1 view .LVU610
 1979 01fe FFF7FEFF 		bl	Bootloader_SendNACK
 1980              	.LVL162:
 402:Core/Src/bootloader.c ****                 }
 1981              		.loc 1 402 21 is_stmt 0 view .LVU611
 1982 0202 F8E7     		b	.L144
 1983              	.LVL163:
 1984              	.L126:
 414:Core/Src/bootloader.c ****             {
 1985              		.loc 1 414 13 is_stmt 1 view .LVU612
 414:Core/Src/bootloader.c ****             {
 1986              		.loc 1 414 17 is_stmt 0 view .LVU613
 1987 0204 FFF7FEFF 		bl	Bootloader_CheckValidApplication
 1988              	.LVL164:
 414:Core/Src/bootloader.c ****             {
 1989              		.loc 1 414 16 discriminator 1 view .LVU614
 1990 0208 60B1     		cbz	r0, .L145
 417:Core/Src/bootloader.c ****                 if (result != ERR_NONE)
 1991              		.loc 1 417 17 is_stmt 1 view .LVU615
 417:Core/Src/bootloader.c ****                 if (result != ERR_NONE)
 1992              		.loc 1 417 26 is_stmt 0 view .LVU616
 1993 020a FFF7FEFF 		bl	Bootloader_SetApplicationValidFlag
 1994              	.LVL165:
 418:Core/Src/bootloader.c ****                 {
 1995              		.loc 1 418 17 is_stmt 1 view .LVU617
 418:Core/Src/bootloader.c ****                 {
ARM GAS  C:\Users\Ali\AppData\Local\Temp\ccdQfK6d.s 			page 67


 1996              		.loc 1 418 20 is_stmt 0 view .LVU618
 1997 020e 08B1     		cbz	r0, .L146
 421:Core/Src/bootloader.c ****                 }
 1998              		.loc 1 421 21 is_stmt 1 view .LVU619
 421:Core/Src/bootloader.c ****                 }
 1999              		.loc 1 421 50 is_stmt 0 view .LVU620
 2000 0210 0D4A     		ldr	r2, .L151+20
 2001 0212 1074     		strb	r0, [r2, #16]
 2002              	.L146:
 425:Core/Src/bootloader.c ****                 
 2003              		.loc 1 425 17 is_stmt 1 view .LVU621
 2004 0214 FFF7FEFF 		bl	Bootloader_LED_UpdateStatus
 2005              	.LVL166:
 427:Core/Src/bootloader.c ****                 jump_to_app_flag = 1;  /* Set flag to trigger jump from main loop */
 2006              		.loc 1 427 17 view .LVU622
 2007 0218 FFF7FEFF 		bl	Bootloader_SendACK
 2008              	.LVL167:
 428:Core/Src/bootloader.c ****             }
 2009              		.loc 1 428 17 view .LVU623
 428:Core/Src/bootloader.c ****             }
 2010              		.loc 1 428 34 is_stmt 0 view .LVU624
 2011 021c 0F4B     		ldr	r3, .L151+40
 2012 021e 0122     		movs	r2, #1
 2013 0220 1A70     		strb	r2, [r3]
 2014 0222 1BE7     		b	.L120
 2015              	.LVL168:
 2016              	.L145:
 432:Core/Src/bootloader.c ****             }
 2017              		.loc 1 432 17 is_stmt 1 view .LVU625
 2018 0224 0620     		movs	r0, #6
 2019 0226 FFF7FEFF 		bl	Bootloader_SendNACK
 2020              	.LVL169:
 2021 022a 17E7     		b	.L120
 2022              	.LVL170:
 2023              	.L121:
 438:Core/Src/bootloader.c ****             break;
 2024              		.loc 1 438 13 view .LVU626
 2025 022c 0120     		movs	r0, #1
 2026 022e FFF7FEFF 		bl	Bootloader_SendNACK
 2027              	.LVL171:
 439:Core/Src/bootloader.c ****     }
 2028              		.loc 1 439 13 view .LVU627
 441:Core/Src/bootloader.c **** 
 2029              		.loc 1 441 1 is_stmt 0 view .LVU628
 2030 0232 13E7     		b	.L120
 2031              	.L152:
 2032              		.align	2
 2033              	.L151:
 2034 0234 00000000 		.word	can_command_received
 2035 0238 00040048 		.word	1207960576
 2036 023c 00000000 		.word	last_heartbeat_time
 2037 0240 00000000 		.word	rx_data
 2038 0244 00000000 		.word	tx_data
 2039 0248 00000000 		.word	bootloader_status
 2040 024c 00800008 		.word	134250496
 2041 0250 00000000 		.word	buffer_index
 2042 0254 00000000 		.word	flash_buffer
ARM GAS  C:\Users\Ali\AppData\Local\Temp\ccdQfK6d.s 			page 68


 2043 0258 06000000 		.word	rx_data+6
 2044 025c 00000000 		.word	jump_to_app_flag
 2045              		.cfi_endproc
 2046              	.LFE135:
 2048              		.section	.text.Bootloader_LED_FlashingStart,"ax",%progbits
 2049              		.align	1
 2050              		.global	Bootloader_LED_FlashingStart
 2051              		.syntax unified
 2052              		.thumb
 2053              		.thumb_func
 2055              	Bootloader_LED_FlashingStart:
 2056              	.LFB151:
 900:Core/Src/bootloader.c **** 
 901:Core/Src/bootloader.c **** /**
 902:Core/Src/bootloader.c ****   * @brief  Not used - kept for compatibility
 903:Core/Src/bootloader.c ****   * @retval None
 904:Core/Src/bootloader.c ****   */
 905:Core/Src/bootloader.c **** void Bootloader_LED_FlashingStart(void)
 906:Core/Src/bootloader.c **** {
 2057              		.loc 1 906 1 is_stmt 1 view -0
 2058              		.cfi_startproc
 2059              		@ args = 0, pretend = 0, frame = 0
 2060              		@ frame_needed = 0, uses_anonymous_args = 0
 2061              		@ link register save eliminated.
 907:Core/Src/bootloader.c ****     /* No-op: LED3 is controlled directly in ProcessCANMessage */
 908:Core/Src/bootloader.c **** }
 2062              		.loc 1 908 1 view .LVU630
 2063 0000 7047     		bx	lr
 2064              		.cfi_endproc
 2065              	.LFE151:
 2067              		.section	.text.Bootloader_LED_FlashingStop,"ax",%progbits
 2068              		.align	1
 2069              		.global	Bootloader_LED_FlashingStop
 2070              		.syntax unified
 2071              		.thumb
 2072              		.thumb_func
 2074              	Bootloader_LED_FlashingStop:
 2075              	.LFB152:
 909:Core/Src/bootloader.c **** 
 910:Core/Src/bootloader.c **** /**
 911:Core/Src/bootloader.c ****   * @brief  Not used - kept for compatibility
 912:Core/Src/bootloader.c ****   * @retval None
 913:Core/Src/bootloader.c ****   */
 914:Core/Src/bootloader.c **** void Bootloader_LED_FlashingStop(void)
 915:Core/Src/bootloader.c **** {
 2076              		.loc 1 915 1 view -0
 2077              		.cfi_startproc
 2078              		@ args = 0, pretend = 0, frame = 0
 2079              		@ frame_needed = 0, uses_anonymous_args = 0
 2080              		@ link register save eliminated.
 916:Core/Src/bootloader.c ****     /* No-op: LED3 stays on once CAN activity detected */
 917:Core/Src/bootloader.c **** }
 2081              		.loc 1 917 1 view .LVU632
 2082 0000 7047     		bx	lr
 2083              		.cfi_endproc
 2084              	.LFE152:
 2086              		.section	.text.Bootloader_LED_FlashingUpdate,"ax",%progbits
ARM GAS  C:\Users\Ali\AppData\Local\Temp\ccdQfK6d.s 			page 69


 2087              		.align	1
 2088              		.global	Bootloader_LED_FlashingUpdate
 2089              		.syntax unified
 2090              		.thumb
 2091              		.thumb_func
 2093              	Bootloader_LED_FlashingUpdate:
 2094              	.LFB153:
 918:Core/Src/bootloader.c **** 
 919:Core/Src/bootloader.c **** /**
 920:Core/Src/bootloader.c ****   * @brief  Not used - kept for compatibility
 921:Core/Src/bootloader.c ****   * @retval None
 922:Core/Src/bootloader.c ****   */
 923:Core/Src/bootloader.c **** void Bootloader_LED_FlashingUpdate(void)
 924:Core/Src/bootloader.c **** {
 2095              		.loc 1 924 1 view -0
 2096              		.cfi_startproc
 2097              		@ args = 0, pretend = 0, frame = 0
 2098              		@ frame_needed = 0, uses_anonymous_args = 0
 2099              		@ link register save eliminated.
 925:Core/Src/bootloader.c ****     /* No-op: LED3 is controlled directly, no updates needed */
 926:Core/Src/bootloader.c **** }
 2100              		.loc 1 926 1 view .LVU634
 2101 0000 7047     		bx	lr
 2102              		.cfi_endproc
 2103              	.LFE153:
 2105              		.section	.text.Bootloader_LED_BlinkBeforeJump,"ax",%progbits
 2106              		.align	1
 2107              		.global	Bootloader_LED_BlinkBeforeJump
 2108              		.syntax unified
 2109              		.thumb
 2110              		.thumb_func
 2112              	Bootloader_LED_BlinkBeforeJump:
 2113              	.LFB154:
 927:Core/Src/bootloader.c **** 
 928:Core/Src/bootloader.c **** /**
 929:Core/Src/bootloader.c ****   * @brief  Blink all LEDs rapidly 20 times before jumping to application
 930:Core/Src/bootloader.c ****   * @retval None
 931:Core/Src/bootloader.c ****   */
 932:Core/Src/bootloader.c **** void Bootloader_LED_BlinkBeforeJump(void)
 933:Core/Src/bootloader.c **** {
 2114              		.loc 1 933 1 view -0
 2115              		.cfi_startproc
 2116              		@ args = 0, pretend = 0, frame = 0
 2117              		@ frame_needed = 0, uses_anonymous_args = 0
 2118 0000 38B5     		push	{r3, r4, r5, lr}
 2119              		.cfi_def_cfa_offset 16
 2120              		.cfi_offset 3, -16
 2121              		.cfi_offset 4, -12
 2122              		.cfi_offset 5, -8
 2123              		.cfi_offset 14, -4
 934:Core/Src/bootloader.c ****     for (uint8_t i = 0; i < 20; i++)
 2124              		.loc 1 934 5 view .LVU636
 2125              	.LBB13:
 2126              		.loc 1 934 10 view .LVU637
 2127              	.LVL172:
 2128              		.loc 1 934 18 is_stmt 0 view .LVU638
 2129 0002 0024     		movs	r4, #0
ARM GAS  C:\Users\Ali\AppData\Local\Temp\ccdQfK6d.s 			page 70


 2130              		.loc 1 934 5 view .LVU639
 2131 0004 36E0     		b	.L157
 2132              	.LVL173:
 2133              	.L158:
 935:Core/Src/bootloader.c ****     {
 936:Core/Src/bootloader.c ****         LED1_OFF();
 2134              		.loc 1 936 9 is_stmt 1 view .LVU640
 2135 0006 264D     		ldr	r5, .L160
 2136 0008 0022     		movs	r2, #0
 2137 000a 0221     		movs	r1, #2
 2138 000c 2846     		mov	r0, r5
 2139 000e FFF7FEFF 		bl	HAL_GPIO_WritePin
 2140              	.LVL174:
 937:Core/Src/bootloader.c ****         HAL_Delay(5);
 2141              		.loc 1 937 9 view .LVU641
 2142 0012 0520     		movs	r0, #5
 2143 0014 FFF7FEFF 		bl	HAL_Delay
 2144              	.LVL175:
 938:Core/Src/bootloader.c ****         LED2_ON();
 2145              		.loc 1 938 9 view .LVU642
 2146 0018 0122     		movs	r2, #1
 2147 001a 4FF48071 		mov	r1, #256
 2148 001e 4FF09040 		mov	r0, #1207959552
 2149 0022 FFF7FEFF 		bl	HAL_GPIO_WritePin
 2150              	.LVL176:
 939:Core/Src/bootloader.c ****         HAL_Delay(10);
 2151              		.loc 1 939 9 view .LVU643
 2152 0026 0A20     		movs	r0, #10
 2153 0028 FFF7FEFF 		bl	HAL_Delay
 2154              	.LVL177:
 940:Core/Src/bootloader.c ****         LED3_OFF();
 2155              		.loc 1 940 9 view .LVU644
 2156 002c 0022     		movs	r2, #0
 2157 002e 2021     		movs	r1, #32
 2158 0030 2846     		mov	r0, r5
 2159 0032 FFF7FEFF 		bl	HAL_GPIO_WritePin
 2160              	.LVL178:
 941:Core/Src/bootloader.c ****         HAL_Delay(15); 
 2161              		.loc 1 941 9 view .LVU645
 2162 0036 0F20     		movs	r0, #15
 2163 0038 FFF7FEFF 		bl	HAL_Delay
 2164              	.LVL179:
 942:Core/Src/bootloader.c ****         
 943:Core/Src/bootloader.c ****         LED1_ON();
 2165              		.loc 1 943 9 view .LVU646
 2166 003c 0122     		movs	r2, #1
 2167 003e 0221     		movs	r1, #2
 2168 0040 2846     		mov	r0, r5
 2169 0042 FFF7FEFF 		bl	HAL_GPIO_WritePin
 2170              	.LVL180:
 944:Core/Src/bootloader.c ****         HAL_Delay(15);
 2171              		.loc 1 944 9 view .LVU647
 2172 0046 0F20     		movs	r0, #15
 2173 0048 FFF7FEFF 		bl	HAL_Delay
 2174              	.LVL181:
 945:Core/Src/bootloader.c ****         LED2_OFF();
 2175              		.loc 1 945 9 view .LVU648
ARM GAS  C:\Users\Ali\AppData\Local\Temp\ccdQfK6d.s 			page 71


 2176 004c 0022     		movs	r2, #0
 2177 004e 4FF48071 		mov	r1, #256
 2178 0052 4FF09040 		mov	r0, #1207959552
 2179 0056 FFF7FEFF 		bl	HAL_GPIO_WritePin
 2180              	.LVL182:
 946:Core/Src/bootloader.c ****         HAL_Delay(10);
 2181              		.loc 1 946 9 view .LVU649
 2182 005a 0A20     		movs	r0, #10
 2183 005c FFF7FEFF 		bl	HAL_Delay
 2184              	.LVL183:
 947:Core/Src/bootloader.c ****         LED3_ON();
 2185              		.loc 1 947 9 view .LVU650
 2186 0060 0122     		movs	r2, #1
 2187 0062 2021     		movs	r1, #32
 2188 0064 2846     		mov	r0, r5
 2189 0066 FFF7FEFF 		bl	HAL_GPIO_WritePin
 2190              	.LVL184:
 948:Core/Src/bootloader.c ****         HAL_Delay(5); 
 2191              		.loc 1 948 9 view .LVU651
 2192 006a 0520     		movs	r0, #5
 2193 006c FFF7FEFF 		bl	HAL_Delay
 2194              	.LVL185:
 934:Core/Src/bootloader.c ****     {
 2195              		.loc 1 934 34 discriminator 3 view .LVU652
 2196 0070 0134     		adds	r4, r4, #1
 2197              	.LVL186:
 934:Core/Src/bootloader.c ****     {
 2198              		.loc 1 934 34 is_stmt 0 discriminator 3 view .LVU653
 2199 0072 E4B2     		uxtb	r4, r4
 2200              	.LVL187:
 2201              	.L157:
 934:Core/Src/bootloader.c ****     {
 2202              		.loc 1 934 27 is_stmt 1 discriminator 1 view .LVU654
 2203 0074 132C     		cmp	r4, #19
 2204 0076 C6D9     		bls	.L158
 2205              	.LBE13:
 949:Core/Src/bootloader.c ****     }
 950:Core/Src/bootloader.c ****     
 951:Core/Src/bootloader.c ****     /* Turn all LEDs off before jumping */
 952:Core/Src/bootloader.c ****     LED1_OFF();
 2206              		.loc 1 952 5 view .LVU655
 2207 0078 094C     		ldr	r4, .L160
 2208              	.LVL188:
 2209              		.loc 1 952 5 is_stmt 0 view .LVU656
 2210 007a 0022     		movs	r2, #0
 2211 007c 0221     		movs	r1, #2
 2212 007e 2046     		mov	r0, r4
 2213 0080 FFF7FEFF 		bl	HAL_GPIO_WritePin
 2214              	.LVL189:
 953:Core/Src/bootloader.c ****     LED2_OFF();
 2215              		.loc 1 953 5 is_stmt 1 view .LVU657
 2216 0084 0022     		movs	r2, #0
 2217 0086 4FF48071 		mov	r1, #256
 2218 008a 4FF09040 		mov	r0, #1207959552
 2219 008e FFF7FEFF 		bl	HAL_GPIO_WritePin
 2220              	.LVL190:
 954:Core/Src/bootloader.c ****     LED3_OFF();
ARM GAS  C:\Users\Ali\AppData\Local\Temp\ccdQfK6d.s 			page 72


 2221              		.loc 1 954 5 view .LVU658
 2222 0092 0022     		movs	r2, #0
 2223 0094 2021     		movs	r1, #32
 2224 0096 2046     		mov	r0, r4
 2225 0098 FFF7FEFF 		bl	HAL_GPIO_WritePin
 2226              	.LVL191:
 955:Core/Src/bootloader.c **** }
 2227              		.loc 1 955 1 is_stmt 0 view .LVU659
 2228 009c 38BD     		pop	{r3, r4, r5, pc}
 2229              	.L161:
 2230 009e 00BF     		.align	2
 2231              	.L160:
 2232 00a0 00040048 		.word	1207960576
 2233              		.cfi_endproc
 2234              	.LFE154:
 2236              		.section	.text.Bootloader_Main,"ax",%progbits
 2237              		.align	1
 2238              		.global	Bootloader_Main
 2239              		.syntax unified
 2240              		.thumb
 2241              		.thumb_func
 2243              	Bootloader_Main:
 2244              	.LFB134:
 129:Core/Src/bootloader.c ****     uint32_t timeout_start = HAL_GetTick();
 2245              		.loc 1 129 1 is_stmt 1 view -0
 2246              		.cfi_startproc
 2247              		@ args = 0, pretend = 0, frame = 0
 2248              		@ frame_needed = 0, uses_anonymous_args = 0
 2249 0000 F8B5     		push	{r3, r4, r5, r6, r7, lr}
 2250              		.cfi_def_cfa_offset 24
 2251              		.cfi_offset 3, -24
 2252              		.cfi_offset 4, -20
 2253              		.cfi_offset 5, -16
 2254              		.cfi_offset 6, -12
 2255              		.cfi_offset 7, -8
 2256              		.cfi_offset 14, -4
 130:Core/Src/bootloader.c ****     uint32_t last_heartbeat = HAL_GetTick();
 2257              		.loc 1 130 5 view .LVU661
 130:Core/Src/bootloader.c ****     uint32_t last_heartbeat = HAL_GetTick();
 2258              		.loc 1 130 30 is_stmt 0 view .LVU662
 2259 0002 FFF7FEFF 		bl	HAL_GetTick
 2260              	.LVL192:
 2261 0006 0646     		mov	r6, r0
 2262              	.LVL193:
 131:Core/Src/bootloader.c ****     uint32_t last_led_toggle = HAL_GetTick();
 2263              		.loc 1 131 5 is_stmt 1 view .LVU663
 131:Core/Src/bootloader.c ****     uint32_t last_led_toggle = HAL_GetTick();
 2264              		.loc 1 131 31 is_stmt 0 view .LVU664
 2265 0008 FFF7FEFF 		bl	HAL_GetTick
 2266              	.LVL194:
 131:Core/Src/bootloader.c ****     uint32_t last_led_toggle = HAL_GetTick();
 2267              		.loc 1 131 31 view .LVU665
 2268 000c 0546     		mov	r5, r0
 2269              	.LVL195:
 132:Core/Src/bootloader.c ****     uint8_t timeout_expired = 0;
 2270              		.loc 1 132 5 is_stmt 1 view .LVU666
 132:Core/Src/bootloader.c ****     uint8_t timeout_expired = 0;
ARM GAS  C:\Users\Ali\AppData\Local\Temp\ccdQfK6d.s 			page 73


 2271              		.loc 1 132 32 is_stmt 0 view .LVU667
 2272 000e FFF7FEFF 		bl	HAL_GetTick
 2273              	.LVL196:
 132:Core/Src/bootloader.c ****     uint8_t timeout_expired = 0;
 2274              		.loc 1 132 32 view .LVU668
 2275 0012 0446     		mov	r4, r0
 2276              	.LVL197:
 133:Core/Src/bootloader.c ****     
 2277              		.loc 1 133 5 is_stmt 1 view .LVU669
 136:Core/Src/bootloader.c ****     
 2278              		.loc 1 136 5 view .LVU670
 136:Core/Src/bootloader.c ****     
 2279              		.loc 1 136 25 is_stmt 0 view .LVU671
 2280 0014 3C4B     		ldr	r3, .L176
 2281 0016 1D60     		str	r5, [r3]
 139:Core/Src/bootloader.c ****     tx_data[1] = 0x01;  /* Bootloader version */
 2282              		.loc 1 139 5 is_stmt 1 view .LVU672
 139:Core/Src/bootloader.c ****     tx_data[1] = 0x01;  /* Bootloader version */
 2283              		.loc 1 139 16 is_stmt 0 view .LVU673
 2284 0018 3C49     		ldr	r1, .L176+4
 2285 001a 1420     		movs	r0, #20
 2286              	.LVL198:
 139:Core/Src/bootloader.c ****     tx_data[1] = 0x01;  /* Bootloader version */
 2287              		.loc 1 139 16 view .LVU674
 2288 001c 0870     		strb	r0, [r1]
 140:Core/Src/bootloader.c ****     tx_data[2] = 0x00;  /* Bootloader subversion */
 2289              		.loc 1 140 5 is_stmt 1 view .LVU675
 140:Core/Src/bootloader.c ****     tx_data[2] = 0x00;  /* Bootloader subversion */
 2290              		.loc 1 140 16 is_stmt 0 view .LVU676
 2291 001e 0123     		movs	r3, #1
 2292 0020 4B70     		strb	r3, [r1, #1]
 141:Core/Src/bootloader.c ****     Bootloader_SendCANMessage(RESP_READY, tx_data, 3);
 2293              		.loc 1 141 5 is_stmt 1 view .LVU677
 141:Core/Src/bootloader.c ****     Bootloader_SendCANMessage(RESP_READY, tx_data, 3);
 2294              		.loc 1 141 16 is_stmt 0 view .LVU678
 2295 0022 0025     		movs	r5, #0
 2296              	.LVL199:
 141:Core/Src/bootloader.c ****     Bootloader_SendCANMessage(RESP_READY, tx_data, 3);
 2297              		.loc 1 141 16 view .LVU679
 2298 0024 8D70     		strb	r5, [r1, #2]
 142:Core/Src/bootloader.c ****     
 2299              		.loc 1 142 5 is_stmt 1 view .LVU680
 2300 0026 0322     		movs	r2, #3
 2301 0028 FFF7FEFF 		bl	Bootloader_SendCANMessage
 2302              	.LVL200:
 142:Core/Src/bootloader.c ****     
 2303              		.loc 1 142 5 is_stmt 0 view .LVU681
 2304 002c 36E0     		b	.L163
 2305              	.LVL201:
 2306              	.L173:
 150:Core/Src/bootloader.c ****             last_led_toggle = HAL_GetTick();
 2307              		.loc 1 150 13 is_stmt 1 view .LVU682
 2308 002e 0821     		movs	r1, #8
 2309 0030 3748     		ldr	r0, .L176+8
 2310 0032 FFF7FEFF 		bl	HAL_GPIO_TogglePin
 2311              	.LVL202:
 151:Core/Src/bootloader.c ****         }
ARM GAS  C:\Users\Ali\AppData\Local\Temp\ccdQfK6d.s 			page 74


 2312              		.loc 1 151 13 view .LVU683
 151:Core/Src/bootloader.c ****         }
 2313              		.loc 1 151 31 is_stmt 0 view .LVU684
 2314 0036 FFF7FEFF 		bl	HAL_GetTick
 2315              	.LVL203:
 2316 003a 0446     		mov	r4, r0
 2317              	.LVL204:
 151:Core/Src/bootloader.c ****         }
 2318              		.loc 1 151 31 view .LVU685
 2319 003c 33E0     		b	.L164
 2320              	.LVL205:
 2321              	.L174:
 159:Core/Src/bootloader.c ****         {
 2322              		.loc 1 159 14 view .LVU686
 2323 003e FFF7FEFF 		bl	HAL_GetTick
 2324              	.LVL206:
 159:Core/Src/bootloader.c ****         {
 2325              		.loc 1 159 28 discriminator 1 view .LVU687
 2326 0042 C01B     		subs	r0, r0, r7
 158:Core/Src/bootloader.c ****             (HAL_GetTick() - last_heartbeat) >= HEARTBEAT_INTERVAL_MS)
 2327              		.loc 1 158 54 discriminator 1 view .LVU688
 2328 0044 B0F57A7F 		cmp	r0, #1000
 2329 0048 33D3     		bcc	.L165
 162:Core/Src/bootloader.c ****             tx_data[1] = 0x01;  /* Bootloader version */
 2330              		.loc 1 162 13 is_stmt 1 view .LVU689
 162:Core/Src/bootloader.c ****             tx_data[1] = 0x01;  /* Bootloader version */
 2331              		.loc 1 162 24 is_stmt 0 view .LVU690
 2332 004a 3049     		ldr	r1, .L176+4
 2333 004c 1420     		movs	r0, #20
 2334 004e 0870     		strb	r0, [r1]
 163:Core/Src/bootloader.c ****             tx_data[2] = 0x00;  /* Bootloader subversion */
 2335              		.loc 1 163 13 is_stmt 1 view .LVU691
 163:Core/Src/bootloader.c ****             tx_data[2] = 0x00;  /* Bootloader subversion */
 2336              		.loc 1 163 24 is_stmt 0 view .LVU692
 2337 0050 0123     		movs	r3, #1
 2338 0052 4B70     		strb	r3, [r1, #1]
 164:Core/Src/bootloader.c ****             Bootloader_SendCANMessage(RESP_READY, tx_data, 3);
 2339              		.loc 1 164 13 is_stmt 1 view .LVU693
 164:Core/Src/bootloader.c ****             Bootloader_SendCANMessage(RESP_READY, tx_data, 3);
 2340              		.loc 1 164 24 is_stmt 0 view .LVU694
 2341 0054 0023     		movs	r3, #0
 2342 0056 8B70     		strb	r3, [r1, #2]
 165:Core/Src/bootloader.c ****             last_heartbeat = HAL_GetTick();
 2343              		.loc 1 165 13 is_stmt 1 view .LVU695
 2344 0058 0322     		movs	r2, #3
 2345 005a FFF7FEFF 		bl	Bootloader_SendCANMessage
 2346              	.LVL207:
 166:Core/Src/bootloader.c ****             last_heartbeat_time = last_heartbeat;  /* Update static variable */
 2347              		.loc 1 166 13 view .LVU696
 166:Core/Src/bootloader.c ****             last_heartbeat_time = last_heartbeat;  /* Update static variable */
 2348              		.loc 1 166 30 is_stmt 0 view .LVU697
 2349 005e FFF7FEFF 		bl	HAL_GetTick
 2350              	.LVL208:
 167:Core/Src/bootloader.c ****         }
 2351              		.loc 1 167 13 is_stmt 1 view .LVU698
 167:Core/Src/bootloader.c ****         }
 2352              		.loc 1 167 33 is_stmt 0 view .LVU699
ARM GAS  C:\Users\Ali\AppData\Local\Temp\ccdQfK6d.s 			page 75


 2353 0062 294B     		ldr	r3, .L176
 2354 0064 1860     		str	r0, [r3]
 2355 0066 24E0     		b	.L165
 2356              	.LVL209:
 2357              	.L175:
 181:Core/Src/bootloader.c ****                 tx_data[1] = 0xAA;  /* Special: Timeout auto-jump */
 2358              		.loc 1 181 17 is_stmt 1 view .LVU700
 181:Core/Src/bootloader.c ****                 tx_data[1] = 0xAA;  /* Special: Timeout auto-jump */
 2359              		.loc 1 181 28 is_stmt 0 view .LVU701
 2360 0068 2849     		ldr	r1, .L176+4
 2361 006a 1420     		movs	r0, #20
 2362 006c 0870     		strb	r0, [r1]
 182:Core/Src/bootloader.c ****                 tx_data[2] = 0x55;
 2363              		.loc 1 182 17 is_stmt 1 view .LVU702
 182:Core/Src/bootloader.c ****                 tx_data[2] = 0x55;
 2364              		.loc 1 182 28 is_stmt 0 view .LVU703
 2365 006e AA23     		movs	r3, #170
 2366 0070 4B70     		strb	r3, [r1, #1]
 183:Core/Src/bootloader.c ****                 Bootloader_SendCANMessage(RESP_READY, tx_data, 3);
 2367              		.loc 1 183 17 is_stmt 1 view .LVU704
 183:Core/Src/bootloader.c ****                 Bootloader_SendCANMessage(RESP_READY, tx_data, 3);
 2368              		.loc 1 183 28 is_stmt 0 view .LVU705
 2369 0072 5523     		movs	r3, #85
 2370 0074 8B70     		strb	r3, [r1, #2]
 184:Core/Src/bootloader.c **** 
 2371              		.loc 1 184 17 is_stmt 1 view .LVU706
 2372 0076 0322     		movs	r2, #3
 2373 0078 FFF7FEFF 		bl	Bootloader_SendCANMessage
 2374              	.LVL210:
 187:Core/Src/bootloader.c ****                 HAL_Delay(10);
 2375              		.loc 1 187 17 view .LVU707
 2376 007c FFF7FEFF 		bl	Bootloader_WaitForCANTransmission
 2377              	.LVL211:
 188:Core/Src/bootloader.c **** 
 2378              		.loc 1 188 17 view .LVU708
 2379 0080 0A20     		movs	r0, #10
 2380 0082 FFF7FEFF 		bl	HAL_Delay
 2381              	.LVL212:
 191:Core/Src/bootloader.c **** 
 2382              		.loc 1 191 17 view .LVU709
 2383 0086 FFF7FEFF 		bl	Bootloader_LED_BlinkBeforeJump
 2384              	.LVL213:
 194:Core/Src/bootloader.c ****             }
 2385              		.loc 1 194 17 view .LVU710
 2386 008a FFF7FEFF 		bl	Bootloader_JumpToApplication
 2387              	.LVL214:
 175:Core/Src/bootloader.c **** 
 2388              		.loc 1 175 29 is_stmt 0 view .LVU711
 2389 008e 0125     		movs	r5, #1
 2390              	.LVL215:
 2391              	.L166:
 200:Core/Src/bootloader.c ****         {
 2392              		.loc 1 200 9 is_stmt 1 view .LVU712
 200:Core/Src/bootloader.c ****         {
 2393              		.loc 1 200 13 is_stmt 0 view .LVU713
 2394 0090 204B     		ldr	r3, .L176+12
 2395 0092 1B78     		ldrb	r3, [r3]	@ zero_extendqisi2
ARM GAS  C:\Users\Ali\AppData\Local\Temp\ccdQfK6d.s 			page 76


 200:Core/Src/bootloader.c ****         {
 2396              		.loc 1 200 12 view .LVU714
 2397 0094 FBB9     		cbnz	r3, .L171
 2398              	.L167:
 223:Core/Src/bootloader.c ****         {
 2399              		.loc 1 223 9 is_stmt 1 view .LVU715
 223:Core/Src/bootloader.c ****         {
 2400              		.loc 1 223 13 is_stmt 0 view .LVU716
 2401 0096 204B     		ldr	r3, .L176+16
 2402 0098 1B78     		ldrb	r3, [r3]	@ zero_extendqisi2
 223:Core/Src/bootloader.c ****         {
 2403              		.loc 1 223 12 view .LVU717
 2404 009a 7BBB     		cbnz	r3, .L172
 2405              	.LVL216:
 2406              	.L163:
 145:Core/Src/bootloader.c ****     {
 2407              		.loc 1 145 5 is_stmt 1 view .LVU718
 148:Core/Src/bootloader.c ****         {
 2408              		.loc 1 148 9 view .LVU719
 148:Core/Src/bootloader.c ****         {
 2409              		.loc 1 148 14 is_stmt 0 view .LVU720
 2410 009c FFF7FEFF 		bl	HAL_GetTick
 2411              	.LVL217:
 148:Core/Src/bootloader.c ****         {
 2412              		.loc 1 148 28 discriminator 1 view .LVU721
 2413 00a0 031B     		subs	r3, r0, r4
 148:Core/Src/bootloader.c ****         {
 2414              		.loc 1 148 12 discriminator 1 view .LVU722
 2415 00a2 632B     		cmp	r3, #99
 2416 00a4 C3D8     		bhi	.L173
 2417              	.LVL218:
 2418              	.L164:
 155:Core/Src/bootloader.c ****         
 2419              		.loc 1 155 9 is_stmt 1 view .LVU723
 155:Core/Src/bootloader.c ****         
 2420              		.loc 1 155 24 is_stmt 0 view .LVU724
 2421 00a6 184B     		ldr	r3, .L176
 2422 00a8 1F68     		ldr	r7, [r3]
 2423              	.LVL219:
 158:Core/Src/bootloader.c ****             (HAL_GetTick() - last_heartbeat) >= HEARTBEAT_INTERVAL_MS)
 2424              		.loc 1 158 9 is_stmt 1 view .LVU725
 158:Core/Src/bootloader.c ****             (HAL_GetTick() - last_heartbeat) >= HEARTBEAT_INTERVAL_MS)
 2425              		.loc 1 158 30 is_stmt 0 view .LVU726
 2426 00aa 1C4B     		ldr	r3, .L176+20
 2427 00ac 1B78     		ldrb	r3, [r3]	@ zero_extendqisi2
 158:Core/Src/bootloader.c ****             (HAL_GetTick() - last_heartbeat) >= HEARTBEAT_INTERVAL_MS)
 2428              		.loc 1 158 12 view .LVU727
 2429 00ae 002B     		cmp	r3, #0
 2430 00b0 C5D0     		beq	.L174
 2431              	.LVL220:
 2432              	.L165:
 172:Core/Src/bootloader.c ****             (HAL_GetTick() - timeout_start >= BOOTLOADER_TIMEOUT_MS))
 2433              		.loc 1 172 9 is_stmt 1 view .LVU728
 172:Core/Src/bootloader.c ****             (HAL_GetTick() - timeout_start >= BOOTLOADER_TIMEOUT_MS))
 2434              		.loc 1 172 12 is_stmt 0 view .LVU729
 2435 00b2 002D     		cmp	r5, #0
 2436 00b4 ECD1     		bne	.L166
ARM GAS  C:\Users\Ali\AppData\Local\Temp\ccdQfK6d.s 			page 77


 172:Core/Src/bootloader.c ****             (HAL_GetTick() - timeout_start >= BOOTLOADER_TIMEOUT_MS))
 2437              		.loc 1 172 33 discriminator 1 view .LVU730
 2438 00b6 1A4B     		ldr	r3, .L176+24
 2439 00b8 1B78     		ldrb	r3, [r3]	@ zero_extendqisi2
 172:Core/Src/bootloader.c ****             (HAL_GetTick() - timeout_start >= BOOTLOADER_TIMEOUT_MS))
 2440              		.loc 1 172 30 discriminator 1 view .LVU731
 2441 00ba 002B     		cmp	r3, #0
 2442 00bc E8D1     		bne	.L166
 173:Core/Src/bootloader.c ****         {
 2443              		.loc 1 173 14 view .LVU732
 2444 00be FFF7FEFF 		bl	HAL_GetTick
 2445              	.LVL221:
 173:Core/Src/bootloader.c ****         {
 2446              		.loc 1 173 28 discriminator 1 view .LVU733
 2447 00c2 801B     		subs	r0, r0, r6
 172:Core/Src/bootloader.c ****             (HAL_GetTick() - timeout_start >= BOOTLOADER_TIMEOUT_MS))
 2448              		.loc 1 172 55 discriminator 2 view .LVU734
 2449 00c4 B0F57A7F 		cmp	r0, #1000
 2450 00c8 E2D3     		bcc	.L166
 175:Core/Src/bootloader.c **** 
 2451              		.loc 1 175 13 is_stmt 1 view .LVU735
 2452              	.LVL222:
 178:Core/Src/bootloader.c ****             {
 2453              		.loc 1 178 13 view .LVU736
 178:Core/Src/bootloader.c ****             {
 2454              		.loc 1 178 17 is_stmt 0 view .LVU737
 2455 00ca FFF7FEFF 		bl	Bootloader_CheckApplicationValidFlag
 2456              	.LVL223:
 178:Core/Src/bootloader.c ****             {
 2457              		.loc 1 178 16 discriminator 1 view .LVU738
 2458 00ce 0028     		cmp	r0, #0
 2459 00d0 CAD1     		bne	.L175
 175:Core/Src/bootloader.c **** 
 2460              		.loc 1 175 29 view .LVU739
 2461 00d2 0125     		movs	r5, #1
 2462 00d4 DCE7     		b	.L166
 2463              	.LVL224:
 2464              	.L171:
 203:Core/Src/bootloader.c ****             tx_data[1] = 0xFF;  /* Special: About to jump */
 2465              		.loc 1 203 13 is_stmt 1 view .LVU740
 203:Core/Src/bootloader.c ****             tx_data[1] = 0xFF;  /* Special: About to jump */
 2466              		.loc 1 203 24 is_stmt 0 view .LVU741
 2467 00d6 0D49     		ldr	r1, .L176+4
 2468 00d8 1420     		movs	r0, #20
 2469 00da 0870     		strb	r0, [r1]
 204:Core/Src/bootloader.c ****             tx_data[2] = 0xFF;
 2470              		.loc 1 204 13 is_stmt 1 view .LVU742
 204:Core/Src/bootloader.c ****             tx_data[2] = 0xFF;
 2471              		.loc 1 204 24 is_stmt 0 view .LVU743
 2472 00dc FF23     		movs	r3, #255
 2473 00de 4B70     		strb	r3, [r1, #1]
 205:Core/Src/bootloader.c ****             Bootloader_SendCANMessage(RESP_READY, tx_data, 3);
 2474              		.loc 1 205 13 is_stmt 1 view .LVU744
 205:Core/Src/bootloader.c ****             Bootloader_SendCANMessage(RESP_READY, tx_data, 3);
 2475              		.loc 1 205 24 is_stmt 0 view .LVU745
 2476 00e0 8B70     		strb	r3, [r1, #2]
 206:Core/Src/bootloader.c ****             
ARM GAS  C:\Users\Ali\AppData\Local\Temp\ccdQfK6d.s 			page 78


 2477              		.loc 1 206 13 is_stmt 1 view .LVU746
 2478 00e2 0322     		movs	r2, #3
 2479 00e4 FFF7FEFF 		bl	Bootloader_SendCANMessage
 2480              	.LVL225:
 209:Core/Src/bootloader.c ****             
 2481              		.loc 1 209 13 view .LVU747
 2482 00e8 FFF7FEFF 		bl	Bootloader_WaitForCANTransmission
 2483              	.LVL226:
 212:Core/Src/bootloader.c ****             
 2484              		.loc 1 212 13 view .LVU748
 2485 00ec FFF7FEFF 		bl	Bootloader_LED_BlinkBeforeJump
 2486              	.LVL227:
 215:Core/Src/bootloader.c ****             
 2487              		.loc 1 215 13 view .LVU749
 2488 00f0 FFF7FEFF 		bl	Bootloader_JumpToApplication
 2489              	.LVL228:
 218:Core/Src/bootloader.c ****         }
 2490              		.loc 1 218 13 view .LVU750
 218:Core/Src/bootloader.c ****         }
 2491              		.loc 1 218 30 is_stmt 0 view .LVU751
 2492 00f4 074B     		ldr	r3, .L176+12
 2493 00f6 0022     		movs	r2, #0
 2494 00f8 1A70     		strb	r2, [r3]
 2495 00fa CCE7     		b	.L167
 2496              	.L172:
 225:Core/Src/bootloader.c ****             rx_msg_pending = 0;
 2497              		.loc 1 225 13 is_stmt 1 view .LVU752
 2498 00fc FFF7FEFF 		bl	Bootloader_ProcessCANMessage
 2499              	.LVL229:
 226:Core/Src/bootloader.c ****         }
 2500              		.loc 1 226 13 view .LVU753
 226:Core/Src/bootloader.c ****         }
 2501              		.loc 1 226 28 is_stmt 0 view .LVU754
 2502 0100 054B     		ldr	r3, .L176+16
 2503 0102 0022     		movs	r2, #0
 2504 0104 1A70     		strb	r2, [r3]
 2505 0106 C9E7     		b	.L163
 2506              	.L177:
 2507              		.align	2
 2508              	.L176:
 2509 0108 00000000 		.word	last_heartbeat_time
 2510 010c 00000000 		.word	tx_data
 2511 0110 00040048 		.word	1207960576
 2512 0114 00000000 		.word	jump_to_app_flag
 2513 0118 00000000 		.word	rx_msg_pending
 2514 011c 00000000 		.word	bootloader_status
 2515 0120 00000000 		.word	can_command_received
 2516              		.cfi_endproc
 2517              	.LFE134:
 2519              		.section	.text.HAL_CAN_RxFifo0MsgPendingCallback,"ax",%progbits
 2520              		.align	1
 2521              		.global	HAL_CAN_RxFifo0MsgPendingCallback
 2522              		.syntax unified
 2523              		.thumb
 2524              		.thumb_func
 2526              	HAL_CAN_RxFifo0MsgPendingCallback:
 2527              	.LVL230:
ARM GAS  C:\Users\Ali\AppData\Local\Temp\ccdQfK6d.s 			page 79


 2528              	.LFB155:
 956:Core/Src/bootloader.c **** 
 957:Core/Src/bootloader.c **** /**
 958:Core/Src/bootloader.c ****   * @brief  CAN RX FIFO 0 message pending callback
 959:Core/Src/bootloader.c ****   * @param  hcan: pointer to CAN Handle
 960:Core/Src/bootloader.c ****   * @retval None
 961:Core/Src/bootloader.c ****   */
 962:Core/Src/bootloader.c **** void HAL_CAN_RxFifo0MsgPendingCallback(CAN_HandleTypeDef *hcan)
 963:Core/Src/bootloader.c **** {
 2529              		.loc 1 963 1 is_stmt 1 view -0
 2530              		.cfi_startproc
 2531              		@ args = 0, pretend = 0, frame = 40
 2532              		@ frame_needed = 0, uses_anonymous_args = 0
 964:Core/Src/bootloader.c ****     CAN_RxHeaderTypeDef isr_rx_header;
 2533              		.loc 1 964 5 view .LVU756
 965:Core/Src/bootloader.c ****     uint8_t isr_rx_data[8];
 2534              		.loc 1 965 5 view .LVU757
 966:Core/Src/bootloader.c **** 
 967:Core/Src/bootloader.c ****     if (hcan == hcan_bootloader)
 2535              		.loc 1 967 5 view .LVU758
 2536              		.loc 1 967 14 is_stmt 0 view .LVU759
 2537 0000 124B     		ldr	r3, .L186
 2538 0002 1B68     		ldr	r3, [r3]
 2539              		.loc 1 967 8 view .LVU760
 2540 0004 8342     		cmp	r3, r0
 2541 0006 00D0     		beq	.L184
 2542 0008 7047     		bx	lr
 2543              	.L184:
 963:Core/Src/bootloader.c ****     CAN_RxHeaderTypeDef isr_rx_header;
 2544              		.loc 1 963 1 view .LVU761
 2545 000a 00B5     		push	{lr}
 2546              		.cfi_def_cfa_offset 4
 2547              		.cfi_offset 14, -4
 2548 000c 8BB0     		sub	sp, sp, #44
 2549              		.cfi_def_cfa_offset 48
 968:Core/Src/bootloader.c ****     {
 969:Core/Src/bootloader.c ****         /* Drain message from hardware FIFO immediately (prevents FIFO overflow) */
 970:Core/Src/bootloader.c ****         if (HAL_CAN_GetRxMessage(hcan, CAN_RX_FIFO0, &isr_rx_header, isr_rx_data) == HAL_OK)
 2550              		.loc 1 970 9 is_stmt 1 view .LVU762
 2551              		.loc 1 970 13 is_stmt 0 view .LVU763
 2552 000e 01AB     		add	r3, sp, #4
 2553 0010 03AA     		add	r2, sp, #12
 2554 0012 0021     		movs	r1, #0
 2555 0014 FFF7FEFF 		bl	HAL_CAN_GetRxMessage
 2556              	.LVL231:
 2557              		.loc 1 970 12 discriminator 1 view .LVU764
 2558 0018 18B9     		cbnz	r0, .L178
 971:Core/Src/bootloader.c ****         {
 972:Core/Src/bootloader.c ****             /* Check if message is for bootloader (using ExtId for 29-bit extended ID) */
 973:Core/Src/bootloader.c ****             if (isr_rx_header.ExtId == CAN_HOST_ID && isr_rx_header.IDE == CAN_ID_EXT)
 2559              		.loc 1 973 13 is_stmt 1 view .LVU765
 2560              		.loc 1 973 16 is_stmt 0 view .LVU766
 2561 001a 049A     		ldr	r2, [sp, #16]
 2562 001c 0C4B     		ldr	r3, .L186+4
 2563 001e 9A42     		cmp	r2, r3
 2564 0020 02D0     		beq	.L185
 2565              	.L178:
ARM GAS  C:\Users\Ali\AppData\Local\Temp\ccdQfK6d.s 			page 80


 974:Core/Src/bootloader.c ****             {
 975:Core/Src/bootloader.c ****                 /* Queue for main loop processing only if previous message was consumed.
 976:Core/Src/bootloader.c ****                  * This avoids slow flash operations blocking the ISR on a busy bus. */
 977:Core/Src/bootloader.c ****                 if (!rx_msg_pending)
 978:Core/Src/bootloader.c ****                 {
 979:Core/Src/bootloader.c ****                     memcpy(rx_data, isr_rx_data, 8);
 980:Core/Src/bootloader.c ****                     rx_msg_pending = 1;
 981:Core/Src/bootloader.c ****                 }
 982:Core/Src/bootloader.c ****             }
 983:Core/Src/bootloader.c ****         }
 984:Core/Src/bootloader.c ****     }
 985:Core/Src/bootloader.c **** }
 2566              		.loc 1 985 1 view .LVU767
 2567 0022 0BB0     		add	sp, sp, #44
 2568              		.cfi_remember_state
 2569              		.cfi_def_cfa_offset 4
 2570              		@ sp needed
 2571 0024 5DF804FB 		ldr	pc, [sp], #4
 2572              	.L185:
 2573              		.cfi_restore_state
 973:Core/Src/bootloader.c ****             {
 2574              		.loc 1 973 68 discriminator 1 view .LVU768
 2575 0028 059B     		ldr	r3, [sp, #20]
 973:Core/Src/bootloader.c ****             {
 2576              		.loc 1 973 52 discriminator 1 view .LVU769
 2577 002a 042B     		cmp	r3, #4
 2578 002c F9D1     		bne	.L178
 977:Core/Src/bootloader.c ****                 {
 2579              		.loc 1 977 17 is_stmt 1 view .LVU770
 977:Core/Src/bootloader.c ****                 {
 2580              		.loc 1 977 21 is_stmt 0 view .LVU771
 2581 002e 094B     		ldr	r3, .L186+8
 2582 0030 1B78     		ldrb	r3, [r3]	@ zero_extendqisi2
 977:Core/Src/bootloader.c ****                 {
 2583              		.loc 1 977 20 view .LVU772
 2584 0032 002B     		cmp	r3, #0
 2585 0034 F5D1     		bne	.L178
 979:Core/Src/bootloader.c ****                     rx_msg_pending = 1;
 2586              		.loc 1 979 21 is_stmt 1 view .LVU773
 2587 0036 084B     		ldr	r3, .L186+12
 2588 0038 01AA     		add	r2, sp, #4
 2589 003a 92E80300 		ldm	r2, {r0, r1}
 2590 003e 83E80300 		stm	r3, {r0, r1}
 980:Core/Src/bootloader.c ****                 }
 2591              		.loc 1 980 21 view .LVU774
 980:Core/Src/bootloader.c ****                 }
 2592              		.loc 1 980 36 is_stmt 0 view .LVU775
 2593 0042 044B     		ldr	r3, .L186+8
 2594 0044 0122     		movs	r2, #1
 2595 0046 1A70     		strb	r2, [r3]
 2596              		.loc 1 985 1 view .LVU776
 2597 0048 EBE7     		b	.L178
 2598              	.L187:
 2599 004a 00BF     		.align	2
 2600              	.L186:
 2601 004c 00000000 		.word	hcan_bootloader
 2602 0050 01070018 		.word	402654977
ARM GAS  C:\Users\Ali\AppData\Local\Temp\ccdQfK6d.s 			page 81


 2603 0054 00000000 		.word	rx_msg_pending
 2604 0058 00000000 		.word	rx_data
 2605              		.cfi_endproc
 2606              	.LFE155:
 2608              		.section	.bss.rx_msg_pending,"aw",%nobits
 2611              	rx_msg_pending:
 2612 0000 00       		.space	1
 2613              		.section	.bss.last_heartbeat_time,"aw",%nobits
 2614              		.align	2
 2617              	last_heartbeat_time:
 2618 0000 00000000 		.space	4
 2619              		.section	.bss.can_command_received,"aw",%nobits
 2622              	can_command_received:
 2623 0000 00       		.space	1
 2624              		.section	.bss.jump_to_app_flag,"aw",%nobits
 2627              	jump_to_app_flag:
 2628 0000 00       		.space	1
 2629              		.section	.bss.buffer_index,"aw",%nobits
 2630              		.align	1
 2633              	buffer_index:
 2634 0000 0000     		.space	2
 2635              		.section	.bss.flash_buffer,"aw",%nobits
 2636              		.align	2
 2639              	flash_buffer:
 2640 0000 00000000 		.space	8
 2640      00000000 
 2641              		.section	.bss.tx_mailbox,"aw",%nobits
 2642              		.align	2
 2645              	tx_mailbox:
 2646 0000 00000000 		.space	4
 2647              		.section	.bss.tx_header,"aw",%nobits
 2648              		.align	2
 2651              	tx_header:
 2652 0000 00000000 		.space	24
 2652      00000000 
 2652      00000000 
 2652      00000000 
 2652      00000000 
 2653              		.section	.bss.tx_data,"aw",%nobits
 2654              		.align	2
 2657              	tx_data:
 2658 0000 00000000 		.space	8
 2658      00000000 
 2659              		.section	.bss.rx_data,"aw",%nobits
 2660              		.align	2
 2663              	rx_data:
 2664 0000 00000000 		.space	8
 2664      00000000 
 2665              		.section	.bss.bootloader_status,"aw",%nobits
 2666              		.align	2
 2669              	bootloader_status:
 2670 0000 00000000 		.space	20
 2670      00000000 
 2670      00000000 
 2670      00000000 
 2670      00000000 
 2671              		.section	.bss.hcan_bootloader,"aw",%nobits
ARM GAS  C:\Users\Ali\AppData\Local\Temp\ccdQfK6d.s 			page 82


 2672              		.align	2
 2675              	hcan_bootloader:
 2676 0000 00000000 		.space	4
 2677              		.text
 2678              	.Letext0:
 2679              		.file 3 "C:/Users/Ali/AppData/Roaming/Code/User/globalStorage/bmd.stm32-for-vscode/@xpack-dev-tool
 2680              		.file 4 "C:/Users/Ali/AppData/Roaming/Code/User/globalStorage/bmd.stm32-for-vscode/@xpack-dev-tool
 2681              		.file 5 "Drivers/CMSIS/Include/core_cm4.h"
 2682              		.file 6 "Drivers/CMSIS/Device/ST/STM32L4xx/Include/stm32l432xx.h"
 2683              		.file 7 "Drivers/CMSIS/Device/ST/STM32L4xx/Include/stm32l4xx.h"
 2684              		.file 8 "Drivers/STM32L4xx_HAL_Driver/Inc/stm32l4xx_hal_def.h"
 2685              		.file 9 "Drivers/STM32L4xx_HAL_Driver/Inc/stm32l4xx_hal_gpio.h"
 2686              		.file 10 "Drivers/STM32L4xx_HAL_Driver/Inc/stm32l4xx_hal_can.h"
 2687              		.file 11 "Drivers/STM32L4xx_HAL_Driver/Inc/stm32l4xx_hal_flash.h"
 2688              		.file 12 "Core/Inc/bootloader.h"
 2689              		.file 13 "Drivers/STM32L4xx_HAL_Driver/Inc/stm32l4xx_hal_flash_ex.h"
 2690              		.file 14 "Drivers/STM32L4xx_HAL_Driver/Inc/stm32l4xx_hal.h"
 2691              		.file 15 "C:/Users/Ali/AppData/Roaming/Code/User/globalStorage/bmd.stm32-for-vscode/@xpack-dev-too
 2692              		.file 16 "Core/Inc/main.h"
ARM GAS  C:\Users\Ali\AppData\Local\Temp\ccdQfK6d.s 			page 83


DEFINED SYMBOLS
                            *ABS*:00000000 bootloader.c
C:\Users\Ali\AppData\Local\Temp\ccdQfK6d.s:21     .text.Bootloader_ReadFlash:00000000 $t
C:\Users\Ali\AppData\Local\Temp\ccdQfK6d.s:26     .text.Bootloader_ReadFlash:00000000 Bootloader_ReadFlash
C:\Users\Ali\AppData\Local\Temp\ccdQfK6d.s:104    .text.Bootloader_ReadFlash:00000040 $d
C:\Users\Ali\AppData\Local\Temp\ccdQfK6d.s:109    .text.Bootloader_ConfigureCANFilter:00000000 $t
C:\Users\Ali\AppData\Local\Temp\ccdQfK6d.s:114    .text.Bootloader_ConfigureCANFilter:00000000 Bootloader_ConfigureCANFilter
C:\Users\Ali\AppData\Local\Temp\ccdQfK6d.s:192    .text.Bootloader_ConfigureCANFilter:00000048 $d
C:\Users\Ali\AppData\Local\Temp\ccdQfK6d.s:2675   .bss.hcan_bootloader:00000000 hcan_bootloader
C:\Users\Ali\AppData\Local\Temp\ccdQfK6d.s:197    .text.Bootloader_WaitForCANTransmission:00000000 $t
C:\Users\Ali\AppData\Local\Temp\ccdQfK6d.s:202    .text.Bootloader_WaitForCANTransmission:00000000 Bootloader_WaitForCANTransmission
C:\Users\Ali\AppData\Local\Temp\ccdQfK6d.s:250    .text.Bootloader_WaitForCANTransmission:00000024 $d
C:\Users\Ali\AppData\Local\Temp\ccdQfK6d.s:256    .text.Bootloader_EraseApplicationFlash:00000000 $t
C:\Users\Ali\AppData\Local\Temp\ccdQfK6d.s:261    .text.Bootloader_EraseApplicationFlash:00000000 Bootloader_EraseApplicationFlash
C:\Users\Ali\AppData\Local\Temp\ccdQfK6d.s:373    .text.Bootloader_EraseApplicationFlash:00000058 $d
C:\Users\Ali\AppData\Local\Temp\ccdQfK6d.s:2669   .bss.bootloader_status:00000000 bootloader_status
C:\Users\Ali\AppData\Local\Temp\ccdQfK6d.s:379    .text.Bootloader_WriteFlash:00000000 $t
C:\Users\Ali\AppData\Local\Temp\ccdQfK6d.s:384    .text.Bootloader_WriteFlash:00000000 Bootloader_WriteFlash
C:\Users\Ali\AppData\Local\Temp\ccdQfK6d.s:567    .text.Bootloader_WriteFlash:000000d4 $d
C:\Users\Ali\AppData\Local\Temp\ccdQfK6d.s:574    .text.Bootloader_DeInit:00000000 $t
C:\Users\Ali\AppData\Local\Temp\ccdQfK6d.s:579    .text.Bootloader_DeInit:00000000 Bootloader_DeInit
C:\Users\Ali\AppData\Local\Temp\ccdQfK6d.s:660    .text.Bootloader_DeInit:0000005c $d
C:\Users\Ali\AppData\Local\Temp\ccdQfK6d.s:666    .text.Bootloader_CheckValidApplication:00000000 $t
C:\Users\Ali\AppData\Local\Temp\ccdQfK6d.s:672    .text.Bootloader_CheckValidApplication:00000000 Bootloader_CheckValidApplication
C:\Users\Ali\AppData\Local\Temp\ccdQfK6d.s:720    .text.Bootloader_CheckValidApplication:00000028 $d
C:\Users\Ali\AppData\Local\Temp\ccdQfK6d.s:726    .text.Bootloader_SendCANMessage:00000000 $t
C:\Users\Ali\AppData\Local\Temp\ccdQfK6d.s:732    .text.Bootloader_SendCANMessage:00000000 Bootloader_SendCANMessage
C:\Users\Ali\AppData\Local\Temp\ccdQfK6d.s:830    .text.Bootloader_SendCANMessage:00000050 $d
C:\Users\Ali\AppData\Local\Temp\ccdQfK6d.s:2651   .bss.tx_header:00000000 tx_header
C:\Users\Ali\AppData\Local\Temp\ccdQfK6d.s:2645   .bss.tx_mailbox:00000000 tx_mailbox
C:\Users\Ali\AppData\Local\Temp\ccdQfK6d.s:838    .text.Bootloader_SendACK:00000000 $t
C:\Users\Ali\AppData\Local\Temp\ccdQfK6d.s:843    .text.Bootloader_SendACK:00000000 Bootloader_SendACK
C:\Users\Ali\AppData\Local\Temp\ccdQfK6d.s:873    .text.Bootloader_SendACK:00000018 $d
C:\Users\Ali\AppData\Local\Temp\ccdQfK6d.s:2657   .bss.tx_data:00000000 tx_data
C:\Users\Ali\AppData\Local\Temp\ccdQfK6d.s:879    .text.Bootloader_SendNACK:00000000 $t
C:\Users\Ali\AppData\Local\Temp\ccdQfK6d.s:884    .text.Bootloader_SendNACK:00000000 Bootloader_SendNACK
C:\Users\Ali\AppData\Local\Temp\ccdQfK6d.s:921    .text.Bootloader_SendNACK:00000018 $d
C:\Users\Ali\AppData\Local\Temp\ccdQfK6d.s:927    .text.Bootloader_JumpToApplication:00000000 $t
C:\Users\Ali\AppData\Local\Temp\ccdQfK6d.s:933    .text.Bootloader_JumpToApplication:00000000 Bootloader_JumpToApplication
C:\Users\Ali\AppData\Local\Temp\ccdQfK6d.s:1061   .text.Bootloader_JumpToApplication:00000068 $d
C:\Users\Ali\AppData\Local\Temp\ccdQfK6d.s:1068   .text.Bootloader_SetApplicationValidFlag:00000000 $t
C:\Users\Ali\AppData\Local\Temp\ccdQfK6d.s:1074   .text.Bootloader_SetApplicationValidFlag:00000000 Bootloader_SetApplicationValidFlag
C:\Users\Ali\AppData\Local\Temp\ccdQfK6d.s:1172   .text.Bootloader_SetApplicationValidFlag:00000058 $d
C:\Users\Ali\AppData\Local\Temp\ccdQfK6d.s:1181   .text.Bootloader_CheckApplicationValidFlag:00000000 $t
C:\Users\Ali\AppData\Local\Temp\ccdQfK6d.s:1187   .text.Bootloader_CheckApplicationValidFlag:00000000 Bootloader_CheckApplicationValidFlag
C:\Users\Ali\AppData\Local\Temp\ccdQfK6d.s:1226   .text.Bootloader_CheckApplicationValidFlag:00000024 $d
C:\Users\Ali\AppData\Local\Temp\ccdQfK6d.s:1233   .text.Bootloader_ClearApplicationValidFlag:00000000 $t
C:\Users\Ali\AppData\Local\Temp\ccdQfK6d.s:1239   .text.Bootloader_ClearApplicationValidFlag:00000000 Bootloader_ClearApplicationValidFlag
C:\Users\Ali\AppData\Local\Temp\ccdQfK6d.s:1284   .text.Bootloader_LED_Init:00000000 $t
C:\Users\Ali\AppData\Local\Temp\ccdQfK6d.s:1290   .text.Bootloader_LED_Init:00000000 Bootloader_LED_Init
C:\Users\Ali\AppData\Local\Temp\ccdQfK6d.s:1324   .text.Bootloader_LED_Init:00000028 $d
C:\Users\Ali\AppData\Local\Temp\ccdQfK6d.s:1329   .text.Bootloader_LED_UpdateStatus:00000000 $t
C:\Users\Ali\AppData\Local\Temp\ccdQfK6d.s:1335   .text.Bootloader_LED_UpdateStatus:00000000 Bootloader_LED_UpdateStatus
C:\Users\Ali\AppData\Local\Temp\ccdQfK6d.s:1373   .text.Bootloader_Init:00000000 $t
C:\Users\Ali\AppData\Local\Temp\ccdQfK6d.s:1379   .text.Bootloader_Init:00000000 Bootloader_Init
C:\Users\Ali\AppData\Local\Temp\ccdQfK6d.s:1473   .text.Bootloader_Init:0000005c $d
C:\Users\Ali\AppData\Local\Temp\ccdQfK6d.s:1482   .text.Bootloader_ProcessCANMessage:00000000 $t
ARM GAS  C:\Users\Ali\AppData\Local\Temp\ccdQfK6d.s 			page 84


C:\Users\Ali\AppData\Local\Temp\ccdQfK6d.s:1488   .text.Bootloader_ProcessCANMessage:00000000 Bootloader_ProcessCANMessage
C:\Users\Ali\AppData\Local\Temp\ccdQfK6d.s:1530   .text.Bootloader_ProcessCANMessage:00000028 $d
C:\Users\Ali\AppData\Local\Temp\ccdQfK6d.s:1537   .text.Bootloader_ProcessCANMessage:00000036 $t
C:\Users\Ali\AppData\Local\Temp\ccdQfK6d.s:2034   .text.Bootloader_ProcessCANMessage:00000234 $d
C:\Users\Ali\AppData\Local\Temp\ccdQfK6d.s:2622   .bss.can_command_received:00000000 can_command_received
C:\Users\Ali\AppData\Local\Temp\ccdQfK6d.s:2617   .bss.last_heartbeat_time:00000000 last_heartbeat_time
C:\Users\Ali\AppData\Local\Temp\ccdQfK6d.s:2663   .bss.rx_data:00000000 rx_data
C:\Users\Ali\AppData\Local\Temp\ccdQfK6d.s:2633   .bss.buffer_index:00000000 buffer_index
C:\Users\Ali\AppData\Local\Temp\ccdQfK6d.s:2639   .bss.flash_buffer:00000000 flash_buffer
C:\Users\Ali\AppData\Local\Temp\ccdQfK6d.s:2627   .bss.jump_to_app_flag:00000000 jump_to_app_flag
C:\Users\Ali\AppData\Local\Temp\ccdQfK6d.s:2049   .text.Bootloader_LED_FlashingStart:00000000 $t
C:\Users\Ali\AppData\Local\Temp\ccdQfK6d.s:2055   .text.Bootloader_LED_FlashingStart:00000000 Bootloader_LED_FlashingStart
C:\Users\Ali\AppData\Local\Temp\ccdQfK6d.s:2068   .text.Bootloader_LED_FlashingStop:00000000 $t
C:\Users\Ali\AppData\Local\Temp\ccdQfK6d.s:2074   .text.Bootloader_LED_FlashingStop:00000000 Bootloader_LED_FlashingStop
C:\Users\Ali\AppData\Local\Temp\ccdQfK6d.s:2087   .text.Bootloader_LED_FlashingUpdate:00000000 $t
C:\Users\Ali\AppData\Local\Temp\ccdQfK6d.s:2093   .text.Bootloader_LED_FlashingUpdate:00000000 Bootloader_LED_FlashingUpdate
C:\Users\Ali\AppData\Local\Temp\ccdQfK6d.s:2106   .text.Bootloader_LED_BlinkBeforeJump:00000000 $t
C:\Users\Ali\AppData\Local\Temp\ccdQfK6d.s:2112   .text.Bootloader_LED_BlinkBeforeJump:00000000 Bootloader_LED_BlinkBeforeJump
C:\Users\Ali\AppData\Local\Temp\ccdQfK6d.s:2232   .text.Bootloader_LED_BlinkBeforeJump:000000a0 $d
C:\Users\Ali\AppData\Local\Temp\ccdQfK6d.s:2237   .text.Bootloader_Main:00000000 $t
C:\Users\Ali\AppData\Local\Temp\ccdQfK6d.s:2243   .text.Bootloader_Main:00000000 Bootloader_Main
C:\Users\Ali\AppData\Local\Temp\ccdQfK6d.s:2509   .text.Bootloader_Main:00000108 $d
C:\Users\Ali\AppData\Local\Temp\ccdQfK6d.s:2611   .bss.rx_msg_pending:00000000 rx_msg_pending
C:\Users\Ali\AppData\Local\Temp\ccdQfK6d.s:2520   .text.HAL_CAN_RxFifo0MsgPendingCallback:00000000 $t
C:\Users\Ali\AppData\Local\Temp\ccdQfK6d.s:2526   .text.HAL_CAN_RxFifo0MsgPendingCallback:00000000 HAL_CAN_RxFifo0MsgPendingCallback
C:\Users\Ali\AppData\Local\Temp\ccdQfK6d.s:2601   .text.HAL_CAN_RxFifo0MsgPendingCallback:0000004c $d
C:\Users\Ali\AppData\Local\Temp\ccdQfK6d.s:2612   .bss.rx_msg_pending:00000000 $d
C:\Users\Ali\AppData\Local\Temp\ccdQfK6d.s:2614   .bss.last_heartbeat_time:00000000 $d
C:\Users\Ali\AppData\Local\Temp\ccdQfK6d.s:2623   .bss.can_command_received:00000000 $d
C:\Users\Ali\AppData\Local\Temp\ccdQfK6d.s:2628   .bss.jump_to_app_flag:00000000 $d
C:\Users\Ali\AppData\Local\Temp\ccdQfK6d.s:2630   .bss.buffer_index:00000000 $d
C:\Users\Ali\AppData\Local\Temp\ccdQfK6d.s:2636   .bss.flash_buffer:00000000 $d
C:\Users\Ali\AppData\Local\Temp\ccdQfK6d.s:2642   .bss.tx_mailbox:00000000 $d
C:\Users\Ali\AppData\Local\Temp\ccdQfK6d.s:2648   .bss.tx_header:00000000 $d
C:\Users\Ali\AppData\Local\Temp\ccdQfK6d.s:2654   .bss.tx_data:00000000 $d
C:\Users\Ali\AppData\Local\Temp\ccdQfK6d.s:2660   .bss.rx_data:00000000 $d
C:\Users\Ali\AppData\Local\Temp\ccdQfK6d.s:2666   .bss.bootloader_status:00000000 $d
C:\Users\Ali\AppData\Local\Temp\ccdQfK6d.s:2672   .bss.hcan_bootloader:00000000 $d

UNDEFINED SYMBOLS
HAL_CAN_ConfigFilter
Error_Handler
HAL_CAN_GetTxMailboxesFreeLevel
HAL_Delay
HAL_FLASH_Unlock
HAL_FLASHEx_Erase
HAL_FLASH_Lock
HAL_FLASH_Program
HAL_GPIO_WritePin
HAL_GPIO_DeInit
HAL_CAN_DeactivateNotification
HAL_CAN_Stop
HAL_CAN_MspDeInit
HAL_CAN_AddTxMessage
HAL_CAN_Start
HAL_CAN_ActivateNotification
HAL_GetTick
ARM GAS  C:\Users\Ali\AppData\Local\Temp\ccdQfK6d.s 			page 85


HAL_GPIO_TogglePin
HAL_CAN_GetRxMessage
